{"grids":[{"id":"1","name":"Portfolio Grid","handle":"portoflio","postparams":"{\"source-type\":\"post\",\"post_types\":\"project\",\"post_category\":\"project-category_mobile,project-category_website\",\"category-relation\":\"OR\",\"additional-query\":\"\",\"selected_pages\":\"\",\"max_entries\":\"-1\",\"media-source-order\":[\"featured-image\"],\"default-image\":\"0\",\"image-source-type\":\"full\"}","params":"{\"layout-sizing\":\"boxed\",\"fullscreen-offset-container\":\"\",\"layout\":\"even\",\"content-push\":\"off\",\"x-ratio\":\"4\",\"y-ratio\":\"3\",\"rtl\":\"off\",\"use-cobbles-pattern\":\"off\",\"columns-advanced\":\"off\",\"columns-height\":[\"0\",\"0\",\"0\",\"0\",\"0\",\"0\",\"0\"],\"columns-width\":[\"1400\",\"1170\",\"1024\",\"960\",\"778\",\"640\",\"480\"],\"columns\":[\"4\",\"4\",\"3\",\"3\",\"3\",\"3\",\"1\"],\"rows-unlimited\":\"off\",\"rows\":\"2\",\"load-more\":\"none\",\"load-more-text\":\"Load More\",\"load-more-show-number\":\"on\",\"load-more-start\":\"3\",\"load-more-amount\":\"3\",\"lazy-loading\":\"off\",\"lazy-load-color\":\"#FFFFFF\",\"0\":\"\",\"spacings\":\"0\",\"grid-padding\":[\"0\",\"0\",\"0\",\"0\"],\"main-background-color\":\"transparent\",\"navigation-skin\":\"flat-dark\",\"entry-skin\":\"badr\",\"grid-animation\":\"fade\",\"grid-animation-speed\":\"1000\",\"grid-animation-delay\":\"1\",\"hover-animation-delay\":\"1\",\"top-1-align\":\"center\",\"top-1-margin-bottom\":\"0\",\"top-2-align\":\"center\",\"top-2-margin-bottom\":\"0\",\"bottom-1-align\":\"center\",\"bottom-1-margin-top\":\"0\",\"bottom-2-align\":\"center\",\"bottom-2-margin-top\":\"0\",\"left-margin-left\":\"-50\",\"right-margin-right\":\"-50\",\"module-spacings\":\"5\",\"pagination-numbers\":\"smart\",\"pagination-scroll\":\"off\",\"pagination-scroll-offset\":\"0\",\"filter-arrows\":\"single\",\"filter-logic\":\"or\",\"filter-start\":\"\",\"filter-show-on\":\"hover\",\"filter-all-text\":\"All\",\"filter-listing\":\"list\",\"filter-dropdown-text\":\"Filter Categories\",\"filter-counter\":\"off\",\"filter-selected\":[\"project-category_218\",\"project-category_219\"],\"sort-by-text\":\"Sort By \",\"sorting-order-by\":\"date,title\",\"sorting-order-by-start\":\"title\",\"sorting-order-by-start-meta\":\"\",\"sorting-order-type\":\"ASC\",\"search-text\":\"Search...\",\"poster-source-order\":[\"featured-image\"],\"lb-source-order\":[\"featured-image\"],\"lightbox-mode\":\"single\",\"lightbox-exclude-media\":\"off\",\"lightbox-type\":\"null\",\"lightbox-position\":\"bottom\",\"lightbox-twitter\":\"off\",\"lightbox-facebook\":\"off\",\"lbox-inpadding\":[\"0\",\"0\",\"0\",\"0\"],\"lbox-padding\":[\"0\",\"0\",\"0\",\"0\"],\"lightbox-effect-open-close\":\"fade\",\"lightbox-effect-open-close-speed\":\"normal\",\"lightbox-effect-next-prev\":\"fade\",\"lightbox-effect-next-prev-speed\":\"normal\",\"lightbox-arrows\":\"on\",\"lightbox-thumbs\":\"off\",\"lbox-thumb-w\":\"50\",\"lbox-thumb-h\":\"50\",\"aj-source-order\":[\"post-content\"],\"ajax-container-id\":\"ess-grid-ajax-container-\",\"ajax-container-position\":\"top\",\"ajax-scroll-onload\":\"on\",\"ajax-scrollto-offset\":\"0\",\"ajax-close-button\":\"off\",\"ajax-button-text\":\"Close\",\"ajax-nav-button\":\"off\",\"ajax-button-skin\":\"light\",\"ajax-button-type\":\"type1\",\"ajax-button-inner\":\"false\",\"ajax-button-h-pos\":\"r\",\"ajax-button-v-pos\":\"t\",\"ajax-container-pre\":\"\",\"ajax-container-post\":\"\",\"ajax-container-css\":\"\",\"ajax-callback\":\"\",\"ajax-callback-arg\":\"false\",\"ajax-css-url\":\"\",\"ajax-js-url\":\"\",\"use-spinner\":\"2\",\"spinner-color\":\"#00b4ff\",\"hide-markup-before-load\":\"off\",\"custom-javascript\":\"\",\"cookie-save-time\":\"30\",\"cookie-save-search\":\"off\",\"cookie-save-filter\":\"off\",\"cookie-save-pagination\":\"off\",\"css-id\":\"portoflio-grid\",\"navigation-layout\":{\"pagination\":{\"bottom-1\":\"0\"},\"left\":{\"left\":\"0\"},\"right\":{\"right\":\"0\"},\"filter\":{\"top-2\":\"0\"},\"sorting\":{\"top-2\":\"1\"}}}","layers":"[]","settings":null,"last_modified":"2015-10-16 10:18:50"}],"skins":[{"id":"45","name":"Badr","handle":"badr","params":"{\"eg-item-skin-element-last-id\":\"13\",\"choose-layout\":\"even\",\"show-content\":\"top\",\"content-align\":\"left\",\"element-x-ratio\":\"4\",\"element-y-ratio\":\"3\",\"cover-type\":\"full\",\"container-background-color\":\"#0a0a0a\",\"0\":\"Default\",\"element-container-background-color-opacity\":\"70\",\"cover-background-size\":\"cover\",\"cover-background-repeat\":\"no-repeat\",\"cover-background-image\":\"0\",\"cover-background-image-url\":\"\",\"full-bg-color\":\"#3f424a\",\"full-padding\":[\"0\",\"0\",\"0\",\"0\"],\"full-border\":[\"0\",\"0\",\"0\",\"0\"],\"full-border-radius\":[\"0\",\"0\",\"0\",\"0\"],\"full-border-color\":\"transparent\",\"full-border-style\":\"none\",\"full-overflow-hidden\":\"false\",\"content-bg-color\":\"#ffffff\",\"content-padding\":[\"0\",\"0\",\"0\",\"0\"],\"content-border\":[\"0\",\"0\",\"0\",\"0\"],\"content-border-radius\":[\"0\",\"0\",\"0\",\"0\"],\"content-border-color\":\"transparent\",\"content-border-style\":\"none\",\"all-shadow-used\":\"none\",\"content-shadow-color\":\"#000000\",\"content-shadow-alpha\":\"100\",\"content-box-shadow\":[\"0\",\"0\",\"0\",\"0\"],\"cover-animation-top-type\":\"\",\"cover-animation-delay-top\":\"0\",\"cover-animation-top\":\"fade\",\"cover-animation-center-type\":\"\",\"cover-animation-delay-center\":\"0\",\"cover-animation-center\":\"slideup\",\"cover-animation-bottom-type\":\"\",\"cover-animation-delay-bottom\":\"0\",\"cover-animation-bottom\":\"fade\",\"cover-group-animation\":\"none\",\"media-animation\":\"zoomintocorner\",\"media-animation-delay\":\"0\",\"link-set-to\":\"cover\",\"link-link-type\":\"post\",\"link-url-link\":\"\",\"link-meta-link\":\"\",\"link-javascript-link\":\"\",\"link-target\":\"_self\"}","layers":"[{\"id\":\"8\",\"order\":\"0\",\"container\":\"c\",\"settings\":{\"background-color\":\"#FFFFFF\",\"bg-alpha\":\"20\",\"clear\":\"both\",\"border-width\":\"0\",\"color\":\"transparent\",\"display\":\"block\",\"font-size\":\"10\",\"font-style\":\"italic\",\"font-weight\":\"700\",\"line-height\":\"5\",\"margin\":{\"0\":\"0\",\"1\":\"0\",\"2\":\"0\",\"3\":\"0\"},\"padding\":{\"0\":\"0\",\"1\":\"0\",\"2\":\"0\",\"3\":\"0\"},\"text-align\":\"center\",\"transition\":\"none\",\"text-transform\":\"uppercase\",\"source\":\"text\",\"special\":\"true\",\"font-family\":\"\",\"text-decoration\":\"none\",\"float\":\"none\",\"border\":{\"0\":\"0\",\"1\":\"0\",\"2\":\"0\",\"3\":\"0\"},\"border-radius\":{\"0\":\"0\",\"1\":\"0\",\"2\":\"0\",\"3\":\"0\"},\"border-radius-unit\":\"px\",\"border-color\":\"transparent\",\"border-style\":\"solid\",\"shadow-color\":\"#000\",\"shadow-alpha\":\"100\",\"box-shadow\":{\"0\":\"0\",\"1\":\"0\",\"2\":\"0\",\"3\":\"0\"},\"position\":\"relative\",\"top-bottom\":\"0\",\"left-right\":\"0\",\"source-separate\":\",\",\"limit-type\":\"none\",\"limit-num\":\"10\",\"transition-type\":\"\",\"delay\":\"10\",\"link-type\":\"none\",\"hideunder\":\"0\",\"hide-on-video\":\"\",\"enable-hover\":\"\",\"tag-type\":\"div\",\"force-important\":\"true\",\"align\":\"t_l\",\"absolute-unit\":\"px\",\"show-on-sale\":\"\",\"show-if-featured\":\"\",\"font-size-hover\":\"12\",\"line-height-hover\":\"14\",\"color-hover\":\"#000\",\"font-family-hover\":\"\",\"font-weight-hover\":\"400\",\"text-decoration-hover\":\"none\",\"font-style-hover\":\"\",\"text-transform-hover\":\"none\",\"border-hover\":{\"0\":\"0\",\"1\":\"0\",\"2\":\"0\",\"3\":\"0\"},\"border-radius-hover\":{\"0\":\"0\",\"1\":\"0\",\"2\":\"0\",\"3\":\"0\"},\"border-color-hover\":\"transparent\",\"border-style-hover\":\"solid\",\"background-color-hover\":\"#FFF\",\"bg-alpha-hover\":\"100\",\"shadow-color-hover\":\"#000\",\"shadow-alpha-hover\":\"100\",\"box-shadow-hover\":{\"0\":\"0\",\"1\":\"0\",\"2\":\"0\",\"3\":\"0\"},\"margin-unit\":\"px\",\"padding-unit\":\"px\",\"border-unit\":\"px\",\"box-shadow-unit\":\"px\",\"source-function\":\"link\",\"hideunderheight\":\"0\",\"hidetype\":\"visibility\",\"link-target\":\"_self\",\"source-text-style-disable\":\"\",\"source-text\":\"LINE-BREAK\"}},{\"id\":\"12\",\"order\":\"1\",\"container\":\"c\",\"settings\":{\"0\":\"Default\",\"source\":\"post\",\"source-separate\":\"\",\"limit-type\":\"none\",\"limit-num\":\"10\",\"enable-hover\":\"on\",\"font-size\":\"17\",\"line-height\":\"13\",\"color\":\"#ffffff\",\"font-family\":\"\\\"Open Sans\\\"\",\"font-weight\":\"700\",\"text-decoration\":\"none\",\"font-style\":\"\",\"text-transform\":\"none\",\"position\":\"relative\",\"align\":\"t_l\",\"absolute-unit\":\"px\",\"top-bottom\":\"0\",\"left-right\":\"0\",\"display\":\"inline-block\",\"text-align\":\"center\",\"float\":\"none\",\"clear\":\"both\",\"margin\":[\"15\",\"0\",\"0\",\"0\"],\"padding\":[\"5\",\"10\",\"5\",\"10\"],\"background-color\":\"#ffffff\",\"bg-alpha\":\"0\",\"shadow-color\":\"#000000\",\"shadow-alpha\":\"100\",\"box-shadow\":[\"0\",\"0\",\"0\",\"0\"],\"border\":[\"0\",\"0\",\"0\",\"0\"],\"border-radius\":[\"0\",\"0\",\"0\",\"0\"],\"border-radius-unit\":\"px\",\"border-color\":\"transparent\",\"border-style\":\"none\",\"font-size-hover\":\"17\",\"line-height-hover\":\"13\",\"color-hover\":\"#00b4ff\",\"font-family-hover\":\"\\\"Open Sans\\\"\",\"font-weight-hover\":\"700\",\"text-decoration-hover\":\"none\",\"font-style-hover\":\"\",\"text-transform-hover\":\"none\",\"background-color-hover\":\"#ffffff\",\"bg-alpha-hover\":\"0\",\"shadow-color-hover\":\"#000000\",\"shadow-alpha-hover\":\"100\",\"box-shadow-hover\":[\"0\",\"0\",\"0\",\"0\"],\"border-hover\":[\"0\",\"0\",\"0\",\"0\"],\"border-radius-hover\":[\"0\",\"0\",\"0\",\"0\"],\"border-radius-unit-hover\":\"px\",\"border-color-hover\":\"transparent\",\"border-style-hover\":\"none\",\"hideunder\":\"0\",\"hide-on-video\":\"\",\"show-on-sale\":\"false\",\"show-if-featured\":\"false\",\"transition\":\"zoomback\",\"transition-type\":\"\",\"delay\":\"10\",\"link-type\":\"none\",\"url-link\":\"\",\"meta-link\":\"\",\"javascript-link\":\"\",\"tag-type\":\"div\",\"force-important\":\"\",\"padding-unit\":\"px\",\"border-unit\":\"px\",\"box-shadow-unit\":\"px\",\"source-function\":\"link\",\"hideunderheight\":\"0\",\"hidetype\":\"visibility\",\"link-target\":\"_self\",\"source-text-style-disable\":\"\",\"margin-unit\":\"px\",\"border-hover-unit\":\"px\",\"border-radius-hover-unit\":\"px\",\"box-shadow-hover-unit\":\"px\",\"source-post\":\"title\"}},{\"id\":\"9\",\"order\":\"2\",\"container\":\"c\",\"settings\":{\"background-color\":\"#FFFFFF\",\"bg-alpha\":\"20\",\"clear\":\"both\",\"border-width\":\"0\",\"color\":\"transparent\",\"display\":\"block\",\"font-size\":\"10\",\"font-style\":\"italic\",\"font-weight\":\"700\",\"line-height\":\"5\",\"margin\":[\"0\",\"0\",\"0\",\"0\"],\"padding\":[\"0\",\"0\",\"0\",\"0\"],\"text-align\":\"center\",\"transition\":\"none\",\"text-transform\":\"uppercase\",\"source\":\"text\",\"special\":\"true\",\"font-family\":\"\",\"text-decoration\":\"none\",\"float\":\"none\",\"border\":[\"0\",\"0\",\"0\",\"0\"],\"border-radius\":[\"0\",\"0\",\"0\",\"0\"],\"border-radius-unit\":\"px\",\"border-color\":\"transparent\",\"border-style\":\"solid\",\"shadow-color\":\"#000\",\"shadow-alpha\":\"100\",\"box-shadow\":[\"0\",\"0\",\"0\",\"0\"],\"position\":\"relative\",\"top-bottom\":\"0\",\"left-right\":\"0\",\"source-separate\":\",\",\"limit-type\":\"none\",\"limit-num\":\"10\",\"transition-type\":\"\",\"delay\":\"10\",\"link-type\":\"none\",\"hideunder\":\"0\",\"hide-on-video\":\"\",\"enable-hover\":\"\",\"attribute\":\"\",\"class\":\"\",\"rel\":\"\",\"tag-type\":\"div\",\"force-important\":\"true\",\"align\":\"t_l\",\"absolute-unit\":\"px\",\"show-on-sale\":\"\",\"show-if-featured\":\"\",\"font-size-hover\":\"12\",\"line-height-hover\":\"14\",\"color-hover\":\"#000\",\"font-family-hover\":\"\",\"font-weight-hover\":\"400\",\"text-decoration-hover\":\"none\",\"font-style-hover\":\"\",\"text-transform-hover\":\"none\",\"border-hover\":[\"0\",\"0\",\"0\",\"0\"],\"border-radius-hover\":[\"0\",\"0\",\"0\",\"0\"],\"border-color-hover\":\"transparent\",\"border-style-hover\":\"solid\",\"background-color-hover\":\"#FFF\",\"bg-alpha-hover\":\"100\",\"shadow-color-hover\":\"#000\",\"shadow-alpha-hover\":\"100\",\"box-shadow-hover\":[\"0\",\"0\",\"0\",\"0\"],\"margin-unit\":\"px\",\"padding-unit\":\"px\",\"border-unit\":\"px\",\"box-shadow-unit\":\"px\",\"source-text\":\"LINE-BREAK\"}},{\"id\":\"13\",\"order\":\"3\",\"container\":\"c\",\"settings\":{\"0\":\"Default\",\"source\":\"post\",\"source-separate\":\"\",\"source-function\":\"filter\",\"limit-type\":\"none\",\"limit-num\":\"10\",\"source-text-style-disable\":\"\",\"enable-hover\":\"on\",\"font-size\":\"17\",\"line-height\":\"13\",\"color\":\"#ffffff\",\"font-family\":\"\\\"Open Sans\\\"\",\"font-weight\":\"700\",\"text-decoration\":\"none\",\"font-style\":\"\",\"text-transform\":\"none\",\"position\":\"relative\",\"align\":\"t_l\",\"absolute-unit\":\"px\",\"top-bottom\":\"0\",\"left-right\":\"0\",\"display\":\"inline-block\",\"text-align\":\"center\",\"float\":\"none\",\"clear\":\"both\",\"margin\":{\"0\":\"15\",\"1\":\"0\",\"2\":\"0\",\"3\":\"0\"},\"padding\":{\"0\":\"5\",\"1\":\"10\",\"2\":\"5\",\"3\":\"10\"},\"background-color\":\"#ffffff\",\"bg-alpha\":\"0\",\"shadow-color\":\"#000000\",\"shadow-alpha\":\"100\",\"box-shadow\":{\"0\":\"0\",\"1\":\"0\",\"2\":\"0\",\"3\":\"0\"},\"border\":{\"0\":\"0\",\"1\":\"0\",\"2\":\"0\",\"3\":\"0\"},\"border-radius\":{\"0\":\"0\",\"1\":\"0\",\"2\":\"0\",\"3\":\"0\"},\"border-radius-unit\":\"px\",\"border-color\":\"transparent\",\"border-style\":\"none\",\"font-size-hover\":\"17\",\"line-height-hover\":\"13\",\"color-hover\":\"#00b4ff\",\"font-family-hover\":\"\\\"Open Sans\\\"\",\"font-weight-hover\":\"700\",\"text-decoration-hover\":\"none\",\"font-style-hover\":\"\",\"text-transform-hover\":\"none\",\"background-color-hover\":\"#ffffff\",\"bg-alpha-hover\":\"0\",\"shadow-color-hover\":\"#000000\",\"shadow-alpha-hover\":\"100\",\"box-shadow-hover\":{\"0\":\"0\",\"1\":\"0\",\"2\":\"0\",\"3\":\"0\"},\"border-hover\":{\"0\":\"0\",\"1\":\"0\",\"2\":\"0\",\"3\":\"0\"},\"border-radius-hover\":{\"0\":\"0\",\"1\":\"0\",\"2\":\"0\",\"3\":\"0\"},\"border-radius-unit-hover\":\"px\",\"border-color-hover\":\"transparent\",\"border-style-hover\":\"none\",\"hideunder\":\"0\",\"hideunderheight\":\"0\",\"hidetype\":\"visibility\",\"hide-on-video\":\"\",\"show-on-sale\":\"false\",\"show-if-featured\":\"false\",\"transition\":\"zoomback\",\"transition-type\":\"\",\"delay\":\"10\",\"link-type\":\"none\",\"url-link\":\"\",\"meta-link\":\"\",\"javascript-link\":\"\",\"link-target\":\"_self\",\"tag-type\":\"div\",\"force-important\":\"\",\"padding-unit\":\"px\",\"border-unit\":\"px\",\"box-shadow-unit\":\"px\",\"margin-unit\":\"px\",\"border-hover-unit\":\"px\",\"border-radius-hover-unit\":\"px\",\"box-shadow-hover-unit\":\"px\",\"source-post\":\"cat_list\"}}]","settings":"{\"favorite\":true}"}],"elements":[{"id":"1","name":"badr","handle":"badr","settings":"{\"source\":\"post\",\"source-post\":\"title\",\"source-separate\":\"\",\"source-function\":\"link\",\"source-meta\":\"\",\"limit-type\":\"none\",\"limit-num\":\"10\",\"source-icon\":\"\",\"source-text-style-disable\":\"false\",\"source-text\":\"\",\"enable-hover\":\"true\",\"font-size\":\"17\",\"line-height\":\"13\",\"color\":\"#ffffff\",\"0\":\"Default\",\"font-family\":\"\\\"Open Sans\\\"\",\"font-weight\":\"700\",\"text-decoration\":\"none\",\"font-style\":\"false\",\"text-transform\":\"none\",\"position\":\"relative\",\"align\":\"t_l\",\"absolute-unit\":\"px\",\"top-bottom\":\"0\",\"left-right\":\"0\",\"display\":\"inline-block\",\"text-align\":\"center\",\"float\":\"none\",\"clear\":\"both\",\"margin\":[\"15\",\"0\",\"0\",\"0\"],\"padding\":[\"5\",\"10\",\"5\",\"10\"],\"background-color\":\"#ffffff\",\"bg-alpha\":\"0\",\"shadow-color\":\"#000000\",\"shadow-alpha\":\"100\",\"box-shadow\":[\"0\",\"0\",\"0\",\"0\"],\"border\":[\"0\",\"0\",\"0\",\"0\"],\"border-radius\":[\"0\",\"0\",\"0\",\"0\"],\"border-radius-unit\":\"px\",\"border-color\":\"transparent\",\"border-style\":\"none\",\"font-size-hover\":\"17\",\"line-height-hover\":\"13\",\"color-hover\":\"#00b4ff\",\"font-family-hover\":\"\\\"Open Sans\\\"\",\"font-weight-hover\":\"700\",\"text-decoration-hover\":\"none\",\"font-style-hover\":\"false\",\"text-transform-hover\":\"none\",\"background-color-hover\":\"#ffffff\",\"bg-alpha-hover\":\"0\",\"shadow-color-hover\":\"#000000\",\"shadow-alpha-hover\":\"100\",\"box-shadow-hover\":[\"0\",\"0\",\"0\",\"0\"],\"border-hover\":[\"0\",\"0\",\"0\",\"0\"],\"border-radius-hover\":[\"0\",\"0\",\"0\",\"0\"],\"border-radius-unit-hover\":\"px\",\"border-color-hover\":\"transparent\",\"border-style-hover\":\"none\",\"hideunder\":\"0\",\"hideunderheight\":\"0\",\"hidetype\":\"visibility\",\"hide-on-video\":\"false\",\"show-on-sale\":\"false\",\"show-if-featured\":\"false\",\"transition\":\"zoomback\",\"transition-type\":\"\",\"delay\":\"10\",\"link-type\":\"none\",\"url-link\":\"\",\"meta-link\":\"\",\"javascript-link\":\"\",\"link-target\":\"_self\",\"tag-type\":\"div\",\"force-important\":\"false\"}"}],"navigation-skins":[{"id":"1","name":"Flat Light","handle":"flat-light","css":"\/********************************\r\n\t-\tFLAT LIGHT BUTTONS -\r\n*********************************\/\r\n.flat-light .navigationbuttons,\r\n.flat-light .esg-pagination,\r\n.flat-light .esg-filters{\ttext-transform:uppercase;\r\n\t\t\t\t\t\t\ttext-align: center;\r\n\t\t\t\t\t\t}\r\n\r\n.flat-light .esg-filterbutton,\r\n.flat-light .esg-navigationbutton,\r\n.flat-light .esg-sortbutton,\r\n.flat-light .esg-cartbutton {\tcolor:#000;\r\n\t\t\t\t\t\t\t\tmargin-right:5px;\r\n\t\t\t\t\t\t\t\tcursor:pointer;\r\n\t\t\t\t\t\t\t\tposition: relative;\r\n\t\t\t\t\t\t\t\tz-index:2;\r\n\t\t\t\t\t\t\t\tpadding:1px 30px;\r\n\t\t\t\t\t\t\t\tborder:none;\r\n\t\t\t\t\t\t\t\tline-height:38px;\r\n\t\t\t\t\t\t\t\tborder-radius:5px;\r\n\t\t\t\t\t\t\t\t-moz-border-radius:5px;\r\n\t\t\t\t\t\t\t\t-webkit-border-radius:5px;\r\n\t\t\t\t\t\t\t\tfont-size:12px;\r\n\t\t\t\t\t\t\t\tfont-weight:700;\r\n\t\t\t\t\t\t\t\tfont-family:\"Open Sans\",sans-serif;\r\n\t\t\t\t\t\t\t\tdisplay: inline-block;\r\n\t\t\t\t\t\t\t\tbackground: #fff;\r\n\t\t\t\t\t\t\t\tmargin-bottom:5px;\r\n\t\t\t\t\t\t\t}\r\n\r\n.flat-light .esg-navigationbutton\t{ padding:2px 12px; }\r\n.flat-light .esg-navigationbutton *\t{ color:#000; }\r\n.flat-light .esg-pagination-button:last-child { margin-right: 0; }\r\n\r\n.flat-light  .esg-sortbutton-wrapper,\r\n.flat-light  .esg-cartbutton-wrapper { display:inline-block; }\r\n.flat-light  .esg-sortbutton-order,\r\n.flat-light  .esg-cartbutton-order {\tdisplay:inline-block;\r\n\t\t\t\t\t\t\t\t\t\tvertical-align:top;\r\n\t\t\t\t\t\t\t\t\t\tborder:none;\r\n\t\t\t\t\t\t\t\t\t\twidth:40px;\r\n\t\t\t\t\t\t\t\t\t\tline-height:40px;\r\n\t\t\t\t\t\t\t\t\t\tborder-radius:5px;\r\n\t\t\t\t\t\t\t\t\t\t-moz-border-radius:5px;\r\n\t\t\t\t\t\t\t\t\t\t-webkit-border-radius:5px;\r\n\t\t\t\t\t\t\t\t\t\tfont-size:12px;\r\n\t\t\t\t\t\t\t\t\t\tfont-weight:700;\r\n\t\t\t\t\t\t\t\t\t\tcolor:#999;\r\n\t\t\t\t\t\t\t\t\t\tcursor: pointer;\r\n\t\t\t\t\t\t\t\t\t\tbackground:#eee;\r\n\t\t\t\t\t\t\t\t\t\tbackground: #fff;\r\n\t\t\t\t\t\t\t\t\t\tmargin-left:5px;\r\n\t\t\t\t\t\t\t\t\t}\r\n\r\n.flat-light .esg-cartbutton {\tcolor:#fff;\r\n\t\t\t\t\t\t\t\tcursor: default !important;\r\n\t\t\t\t\t\t\t}\r\n.flat-light .esg-cartbutton .esgicon-basket\t{\r\n\t\t\t\t\t\t\t\t\t\t\t\tcolor:#fff;\r\n\t\t\t\t\t\t\t\t\t\t\t\tfont-size:15px;\r\n\t\t\t\t\t\t\t\t\t\t\t\tline-height:15px;\r\n\t\t\t\t\t\t\t\t\t\t\t\tmargin-right:10px;\r\n\t\t\t\t\t\t\t\t\t\t\t}\r\n.flat-light .esg-cartbutton-wrapper { cursor: default !important; }\r\n\r\n.flat-light .esg-sortbutton,\r\n.flat-light .esg-cartbutton {\tdisplay:inline-block;\r\n\t\t\t\t\t\t\t\tposition:relative;\r\n\t\t\t\t\t\t\t\tcursor: pointer;\r\n\t\t\t\t\t\t\t\tmargin-right:0px;\r\n\t\t\t\t\t\t\t\tborder-radius:5px;\r\n\t\t\t\t\t\t\t\t-moz-border-radius:5px;\r\n\t\t\t\t\t\t\t\t-webkit-border-radius:5px;\r\n\t\t\t\t\t\t\t}\r\n\r\n.flat-light .esg-navigationbutton:hover,\r\n.flat-light .esg-filterbutton:hover,\r\n.flat-light .esg-sortbutton:hover,\r\n.flat-light .esg-sortbutton-order:hover,\r\n.flat-light .esg-cartbutton-order:hover,\r\n.flat-light .esg-filterbutton.selected {\r\n\t\t\t\t\t\t\t\t\t\tborder-color:none;color:#000;\r\n\t\t\t\t\t\t\t\t\t\tbackground:#fff;\r\n\t\t\t\t\t\t\t\t\t   }\r\n\r\n.flat-light .esg-navigationbutton:hover * { color:#333; }\r\n\r\n.flat-light .esg-sortbutton-order.tp-desc:hover\t{ color:#333; }\r\n\r\n.flat-light .esg-filter-checked\t{\tpadding:1px 3px;\r\n\t\t\t\t\t\t\t\t\tcolor:#cbcbcb;\r\n\t\t\t\t\t\t\t\t\tbackground:#cbcbcb;\r\n\t\t\t\t\t\t\t\t\tmargin-left:7px;\r\n\t\t\t\t\t\t\t\t\tfont-size:9px;\r\n\t\t\t\t\t\t\t\t\tfont-weight:300;\r\n\t\t\t\t\t\t\t\t\tline-height:9px;\r\n\t\t\t\t\t\t\t\t\tvertical-align: middle;\r\n\t\t\t\t\t\t\t\t}\r\n.flat-light .esg-filterbutton.selected .esg-filter-checked,\r\n.flat-light .esg-filterbutton:hover .esg-filter-checked\t{\r\n\t\t\t\t\t\t\t\t\t\t\t\t\t\t\tpadding:1px 3px 1px 3px;\r\n\t\t\t\t\t\t\t\t\t\t\t\t\t\t\tcolor:#fff;\r\n\t\t\t\t\t\t\t\t\t\t\t\t\t\t\tbackground:#000;\r\n\t\t\t\t\t\t\t\t\t\t\t\t\t\t\tmargin-left:7px;\r\n\t\t\t\t\t\t\t\t\t\t\t\t\t\t\tfont-size:9px;\r\n\t\t\t\t\t\t\t\t\t\t\t\t\t\t\tfont-weight:300;\r\n\t\t\t\t\t\t\t\t\t\t\t\t\t\t\tline-height:9px;\r\n\t\t\t\t\t\t\t\t\t\t\t\t\t\t\tvertical-align: middle;\r\n\t\t\t\t\t\t\t\t\t\t\t\t\t\t}"},{"id":"2","name":"Flat Dark","handle":"flat-dark","css":"\/********************************\r\n\t-\tFLAT DARK BUTTONS -\r\n*********************************\/\r\n.flat-dark .navigationbuttons,\r\n.flat-dark .esg-pagination,\r\n.flat-dark .esg-filters {\r\n\t\t\t\t\t\t\ttext-transform:uppercase;\r\n\t\t\t\t\t\t\ttext-align: center;\r\n\t\t\t\t\t\t}\r\n\r\n.flat-dark .esg-filterbutton,\r\n.flat-dark .esg-navigationbutton,\r\n.flat-dark .esg-sortbutton,\r\n.flat-dark .esg-cartbutton {color:#fff;\r\n\t\t\t\t\t\t\tmargin-right:5px;\r\n\t\t\t\t\t\t\tcursor:pointer;\r\n\t\t\t\t\t\t\tpadding:1px 30px;\r\n\t\t\t\t\t\t\tborder:none;\r\n\t\t\t\t\t\t\tline-height:38px;\r\n\t\t\t\t\t\t\tborder-radius:5px;\r\n\t\t\t\t\t\t\t-moz-border-radius:5px;\r\n\t\t\t\t\t\t\t-webkit-border-radius:5px;\r\n\t\t\t\t\t\t\tfont-size:12px;\r\n\t\t\t\t\t\t\tfont-weight:600;\r\n\t\t\t\t\t\t\tfont-family:\"Open Sans\",sans-serif;\r\n\t\t\t\t\t\t\tdisplay: inline-block;\r\n\t\t\t\t\t\t\tbackground:#3a3a3a;\r\n\t\t\t\t\t\t\tbackground: rgba(0,0,0,0.2);\r\n\t\t\t\t\t\t\tmargin-bottom:5px;\r\n\t\t\t\t\t\t\t}\r\n\r\n.flat-dark .esg-navigationbutton { padding:1px 18px; }\r\n.flat-dark .esg-navigationbutton * { color:#fff; }\r\n.flat-dark .esg-pagination-button:last-child,\r\n.flat-dark .esg-filterbutton:last-child{ margin-right: 0; }\r\n.flat-dark .esg-left, .flat-dark .esg-right { padding:1px 12px; }\r\n\r\n.flat-dark  .esg-sortbutton-wrapper,\r\n.flat-dark  .esg-cartbutton-wrapper\t{ display:inline-block; }\r\n.flat-dark  .esg-sortbutton-order,\r\n.flat-dark  .esg-cartbutton-order { display:inline-block;\r\n\t\t\t\t\t\t\t\t\tvertical-align:top;\r\n\t\t\t\t\t\t\t\t\tborder:none;\r\n\t\t\t\t\t\t\t\t\twidth:40px;\r\n\t\t\t\t\t\t\t\t\tline-height:40px;\r\n\t\t\t\t\t\t\t\t\tborder-radius:5px;\r\n\t\t\t\t\t\t\t\t\t-moz-border-radius:5px;\r\n\t\t\t\t\t\t\t\t\t-webkit-border-radius:5px;\r\n\t\t\t\t\t\t\t\t\tfont-size:12px;\r\n\t\t\t\t\t\t\t\t\tfont-weight:700;\r\n\t\t\t\t\t\t\t\t\tcolor:#999;\r\n\t\t\t\t\t\t\t\t\tcursor: pointer;\r\n\t\t\t\t\t\t\t\t\tbackground:#eee;\r\n\t\t\t\t\t\t\t\t\tbackground: rgba(0,0,0,0.2);\r\n\t\t\t\t\t\t\t\t\tmargin-left:5px;\r\n\t\t\t\t\t\t\t\t}\r\n\r\n.flat-dark .esg-cartbutton {color:#fff;\r\n\t\t\t\t\t\t\tcursor: default !important;\r\n\t\t\t\t\t\t\t}\r\n.flat-dark .esg-cartbutton .esgicon-basket {color:#fff;\r\n\t\t\t\t\t\t\t\t\t\t\tfont-size:15px;\r\n\t\t\t\t\t\t\t\t\t\t\tline-height:15px;\r\n\t\t\t\t\t\t\t\t\t\t\tmargin-right:10px;\r\n\t\t\t\t\t\t\t\t\t\t\t}\r\n.flat-dark  .esg-cartbutton-wrapper\t{ cursor: default !important; }\r\n\r\n.flat-dark .esg-sortbutton,\r\n.flat-dark .esg-cartbutton { display:inline-block;\r\n\t\t\t\t\t\t\tposition:relative;\r\n\t\t\t\t\t\t\tcursor: pointer;\r\n\t\t\t\t\t\t\tmargin-right:0px;\r\n\t\t\t\t\t\t\tborder-radius:5px;\r\n\t\t\t\t\t\t\t-moz-border-radius:5px;\r\n\t\t\t\t\t\t\t-webkit-border-radius:5px;\r\n\t\t\t\t\t\t\t}\r\n\r\n.flat-dark .esg-navigationbutton:hover,\r\n.flat-dark .esg-filterbutton:hover,\r\n.flat-dark .esg-sortbutton:hover,\r\n.flat-dark .esg-sortbutton-order:hover,\r\n.flat-dark .esg-cartbutton-order:hover,\r\n.flat-dark .esg-filterbutton.selected { color:#fff;\r\n\t\t\t\t\t\t\t\t\t\tborder-color:none;\r\n\t\t\t\t\t\t\t\t\t\tbackground:#4a4a4a;\r\n\t\t\t\t\t\t\t\t\t\tbackground: rgba(0,0,0,0.5);\r\n\t\t\t\t\t\t\t\t\t }\r\n\r\n.flat-dark .esg-navigationbutton:hover * { color:#fff; }\r\n.flat-dark .esg-sortbutton-order.tp-desc:hover\t{ color:#fff; }\r\n.flat-dark .esg-filter-checked {padding:1px 3px;\r\n\t\t\t\t\t\t\t\tcolor:transparent;\r\n\t\t\t\t\t\t\t\tbackground:#000;\r\n\t\t\t\t\t\t\t\tbackground: rgba(0,0,0,0.2);\r\n\t\t\t\t\t\t\t\tmargin-left:7px;\r\n\t\t\t\t\t\t\t\tfont-size:9px;\r\n\t\t\t\t\t\t\t\tfont-weight:300;\r\n\t\t\t\t\t\t\t\tline-height:9px;\r\n\t\t\t\t\t\t\t\tvertical-align: middle:\r\n\t\t\t\t\t\t\t\t}\r\n\t\t\t\t\t\t\t\t\r\n.flat-dark .esg-filterbutton.selected .esg-filter-checked,\r\n.flat-dark .esg-filterbutton:hover .esg-filter-checked {padding:1px 3px 1px 3px;\r\n\t\t\t\t\t\t\t\t\t\t\t\t\t\tcolor:#fff;\r\n\t\t\t\t\t\t\t\t\t\t\t\t\t\tbackground:#000;\r\n\t\t\t\t\t\t\t\t\t\t\t\t\t\tbackground: rgba(0,0,0,0.2);\r\n\t\t\t\t\t\t\t\t\t\t\t\t\t\tmargin-left:7px;\r\n\t\t\t\t\t\t\t\t\t\t\t\t\t\tfont-size:9px;\r\n\t\t\t\t\t\t\t\t\t\t\t\t\t\tfont-weight:300;\r\n\t\t\t\t\t\t\t\t\t\t\t\t\t\tline-height:9px;\r\n\t\t\t\t\t\t\t\t\t\t\t\t\t\tvertical-align: middle\r\n\t\t\t\t\t\t\t\t\t\t\t\t\t\t}"},{"id":"3","name":"Minimal Dark","handle":"minimal-dark","css":"\/********************************\r\n\t-\tMINIMAL DARK BUTTONS -\r\n*********************************\/\r\n\r\n.minimal-dark .navigationbuttons,\r\n.minimal-dark .esg-pagination,\r\n.minimal-dark .esg-filters { text-align: center; }\r\n\r\n.minimal-dark .esg-filterbutton,\r\n.minimal-dark .esg-navigationbutton,\r\n.minimal-dark .esg-sortbutton,\r\n.minimal-dark .esg-cartbutton { color:#fff;\r\n\t\t\t\t\t\t\t\tcolor:rgba(255,255,255,1);\r\n\t\t\t\t\t\t\t\tmargin-right:5px;\r\n\t\t\t\t\t\t\t\tcursor:pointer;\r\n\t\t\t\t\t\t\t\tpadding:0px 17px;\r\n\t\t\t\t\t\t\t\tborder:1px solid rgb(255,255,255);\r\n\t\t\t\t\t\t\t\tborder:1px solid rgba(255,255,255,0.1);\r\n\t\t\t\t\t\t\t\tline-height:38px;\r\n\t\t\t\t\t\t\t\tborder-radius:5px;\r\n\t\t\t\t\t\t\t\t-moz-border-radius:5px;\r\n\t\t\t\t\t\t\t\t-webkit-border-radius:5px;\r\n\t\t\t\t\t\t\t\tfont-size:12px;\r\n\t\t\t\t\t\t\t\tfont-weight:600;\r\n\t\t\t\t\t\t\t\tfont-family:\"Open Sans\",sans-serif;\r\n\t\t\t\t\t\t\t\tdisplay: inline-block;\r\n\t\t\t\t\t\t\t\tbackground:transparent;\r\n\t\t\t\t\t\t\t\tmargin-bottom:5px;\r\n\t\t\t\t\t\t\t\t}\r\n\r\n\r\n.minimal-dark .esg-navigationbutton * {\r\n\t\t\t\t\t\t\t\t\t\tcolor:#fff;\r\n\t\t\t\t\t\t\t\t\t\tcolor:rgba(255,255,255,1);\r\n\t\t\t\t\t\t\t\t\t}\r\n.minimal-dark .esg-navigationbutton\t{ padding:0px 11px; }\r\n.minimal-dark .esg-pagination-button { padding:0px 16px; }\r\n.minimal-dark .esg-pagination-button:last-child { margin-right: 0; }\r\n\r\n.minimal-dark  .esg-sortbutton-wrapper,\r\n.minimal-dark  .esg-cartbutton-wrapper { display:inline-block; }\r\n.minimal-dark  .esg-sortbutton-order,\r\n.minimal-dark  .esg-cartbutton-order {  display:inline-block;\r\n\t\t\t\t\t\t\t\t\t\tvertical-align:top;\r\n\t\t\t\t\t\t\t\t\t\tborder:1px solid rgb(255,255,255);\r\n\t\t\t\t\t\t\t\t\t\tborder:1px solid rgba(255,255,255,0.1);\r\n\t\t\t\t\t\t\t\t\t\twidth:40px;\r\n\t\t\t\t\t\t\t\t\t\tline-height:38px;\r\n\t\t\t\t\t\t\t\t\t\tborder-radius: 0px 5px 5px 0px;\r\n\t\t\t\t\t\t\t\t\t\t-moz-border-radius: 0px 5px 5px 0px;\r\n\t\t\t\t\t\t\t\t\t\t-webkit-border-radius: 0px 5px 5px 0px;\r\n\t\t\t\t\t\t\t\t\t\tfont-size:12px;\r\n\t\t\t\t\t\t\t\t\t\tfont-weight:600;\r\n\t\t\t\t\t\t\t\t\t\tcolor:#fff;\r\n\t\t\t\t\t\t\t\t\t\tcursor: pointer;\r\n\t\t\t\t\t\t\t\t\t\tbackground:transparent;\r\n\t\t\t\t\t\t\t\t\t}\r\n\r\n.minimal-dark .esg-cartbutton {\r\n\t\t\t\t\t\t\t\tcolor:#fff;\r\n\t\t\t\t\t\t\t\tcursor: default !important;\r\n\t\t\t\t\t\t\t  }\r\n.minimal-dark .esg-cartbutton .esgicon-basket {\r\n\t\t\t\t\t\t\t\t\t\t\t\tcolor:#fff;\r\n\t\t\t\t\t\t\t\t\t\t\t\tfont-size:15px;\r\n\t\t\t\t\t\t\t\t\t\t\t\tline-height:15px;\r\n\t\t\t\t\t\t\t\t\t\t\t\tmargin-right:10px;\r\n\t\t\t\t\t\t\t\t\t\t\t  }\r\n.minimal-dark  .esg-cartbutton-wrapper { cursor: default !important; }\r\n\r\n.minimal-dark .esg-sortbutton,\r\n.minimal-dark .esg-cartbutton {\r\n\t\t\t\t\t\t\t\tdisplay:inline-block;\r\n\t\t\t\t\t\t\t\tposition:relative;\r\n\t\t\t\t\t\t\t\tcursor: pointer;\r\n\t\t\t\t\t\t\t\tmargin-right:0px;\r\n\t\t\t\t\t\t\t\tborder-right:none;\r\n\t\t\t\t\t\t\t\tborder-radius:5px 0px 0px 5px;\r\n\t\t\t\t\t\t\t\t-moz-border-radius:5px 0px 0px 5px;\r\n\t\t\t\t\t\t\t\t-webkit-border-radius:5px 0px 0px 5px;\r\n\t\t\t\t\t\t\t   }\r\n\r\n.minimal-dark .esg-navigationbutton:hover,\r\n.minimal-dark .esg-filterbutton:hover,\r\n.minimal-dark .esg-sortbutton:hover,\r\n.minimal-dark .esg-sortbutton-order:hover,\r\n.minimal-dark .esg-cartbutton-order:hover,\r\n.minimal-dark .esg-filterbutton.selected {\r\n\t\t\t\t\t\t\t\t\t\t\tborder-color:#fff;\r\n\t\t\t\t\t\t\t\t\t\t\tborder-color:rgba(255,255,255,0.2);\r\n\t\t\t\t\t\t\t\t\t\t\tcolor:#fff;\r\n\t\t\t\t\t\t\t\t\t\t\tbox-shadow: 0px 3px 5px 0px rgba(0,0,0,0.13);\r\n\t\t\t\t\t\t\t\t\t\t\tbackground:#333;\r\n\t\t\t\t\t\t\t\t\t\t\tbackground: rgba(255,255,255,0.1);\r\n\t\t\t\t\t\t\t\t\t\t  }\r\n\r\n.minimal-dark .esg-navigationbutton:hover * { color:#fff; }\r\n\r\n.minimal-dark .esg-sortbutton-order.tp-desc:hover {\tborder-color:#fff;\r\n\t\t\t\t\t\t\t\t\t\t\t\t\tborder-color:rgba(255,255,255,0.2);\r\n\t\t\t\t\t\t\t\t\t\t\t\t\tcolor:#fff;\r\n\t\t\t\t\t\t\t\t\t\t\t\t\tbox-shadow: 0px -3px 5px 0px rgba(0,0,0,0.13) !important;\r\n\t\t\t\t\t\t\t\t\t\t\t\t  }\r\n\r\n.minimal-dark .esg-filter-checked {\r\n\t\t\t\t\t\t\t\t\tpadding:1px 3px;\r\n\t\t\t\t\t\t\t\t\tcolor:transparent;\r\n\t\t\t\t\t\t\t\t\tbackground:#000;\r\n\t\t\t\t\t\t\t\t\tbackground: rgba(0,0,0,0.10);\r\n\t\t\t\t\t\t\t\t\tmargin-left:7px;\r\n\t\t\t\t\t\t\t\t\tfont-size:9px;\r\n\t\t\t\t\t\t\t\t\tfont-weight:300;\r\n\t\t\t\t\t\t\t\t\tline-height:9px;\r\n\t\t\t\t\t\t\t\t\tvertical-align: middle;\r\n\t\t\t\t\t\t\t\t  }\r\n.minimal-dark .esg-filterbutton.selected .esg-filter-checked,\r\n.minimal-dark .esg-filterbutton:hover .esg-filter-checked {\r\n\t\t\t\t\t\t\t\t\t\t\t\t\t\t\tpadding:1px 3px 1px 3px;\r\n\t\t\t\t\t\t\t\t\t\t\t\t\t\t\tcolor:#fff;\r\n\t\t\t\t\t\t\t\t\t\t\t\t\t\t\tbackground:#000;\r\n\t\t\t\t\t\t\t\t\t\t\t\t\t\t\tbackground: rgba(0,0,0,0.10);\r\n\t\t\t\t\t\t\t\t\t\t\t\t\t\t\tmargin-left:7px;\r\n\t\t\t\t\t\t\t\t\t\t\t\t\t\t\tfont-size:9px;\r\n\t\t\t\t\t\t\t\t\t\t\t\t\t\t\tfont-weight:300;\r\n\t\t\t\t\t\t\t\t\t\t\t\t\t\t\tline-height:9px;\r\n\t\t\t\t\t\t\t\t\t\t\t\t\t\t\tvertical-align: middle;\r\n\t\t\t\t\t\t\t\t\t\t\t\t\t\t  }"},{"id":"4","name":"Minimal Light","handle":"minimal-light","css":"\/******************************\r\n\t-\tMINIMAL LIGHT SKIN\t-\r\n********************************\/\r\n\r\n.minimal-light .navigationbuttons,\r\n.minimal-light .esg-pagination,\r\n.minimal-light .esg-filters { text-align: center; }\r\n\r\n.minimal-light .esg-filterbutton,\r\n.minimal-light .esg-navigationbutton,\r\n.minimal-light .esg-sortbutton,\r\n.minimal-light .esg-cartbutton a{ \r\n\t\t\t\t\t\t\t\tcolor:#999;\r\n\t\t\t\t\t\t\t\tmargin-right:5px;\r\n\t\t\t\t\t\t\t\tcursor:pointer;\r\n\t\t\t\t\t\t\t\tpadding:0px 16px;\r\n\t\t\t\t\t\t\t\tborder:1px solid #e5e5e5;\r\n\t\t\t\t\t\t\t\tline-height:38px;\r\n\t\t\t\t\t\t\t\tborder-radius:5px;\r\n\t\t\t\t\t\t\t\t-moz-border-radius:5px;\r\n\t\t\t\t\t\t\t\t-webkit-border-radius:5px;\r\n\t\t\t\t\t\t\t\tfont-size:12px;\r\n\t\t\t\t\t\t\t\tfont-weight:700;\r\n\t\t\t\t\t\t\t\tfont-family:\"Open Sans\",sans-serif;\r\n\t\t\t\t\t\t\t\tdisplay: inline-block;\r\n\t\t\t\t\t\t\t\tbackground:#fff;\r\n\t\t\t\t\t\t\t\tmargin-bottom:5px;\r\n\t\t\t\t\t\t\t  }\r\n\r\n\/*.minimal-light .esg-cartbutton a { color: #999; }*\/\r\n\r\n.minimal-light .esg-navigationbutton * { color:#999; }\r\n.minimal-light .esg-navigationbutton\t{ padding:0px 16px; }\r\n.minimal-light .esg-pagination-button:last-child { margin-right: 0; }\r\n.minimal-light .esg-left, .minimal-light .esg-right\t{ padding:0px 11px; }\r\n\r\n.minimal-light  .esg-sortbutton-wrapper,\r\n.minimal-light  .esg-cartbutton-wrapper { display:inline-block; }\r\n.minimal-light  .esg-sortbutton-order,\r\n.minimal-light  .esg-cartbutton-order {\tdisplay:inline-block;\r\n\t\t\t\t\t\t\t\t\t\tvertical-align:top;\r\n\t\t\t\t\t\t\t\t\t\tborder:1px solid #e5e5e5;\r\n\t\t\t\t\t\t\t\t\t\twidth:40px;\r\n\t\t\t\t\t\t\t\t\t\tline-height:38px;\r\n\t\t\t\t\t\t\t\t\t\tborder-radius: 0px 5px 5px 0px;\r\n\t\t\t\t\t\t\t\t\t\t-moz-border-radius: 0px 5px 5px 0px;\r\n\t\t\t\t\t\t\t\t\t\t-webkit-border-radius: 0px 5px 5px 0px;\r\n\t\t\t\t\t\t\t\t\t\tfont-size:12px;\r\n\t\t\t\t\t\t\t\t\t\tfont-weight:700;\r\n\t\t\t\t\t\t\t\t\t\tcolor:#999;\r\n\t\t\t\t\t\t\t\t\t\tcursor: pointer;\r\n\t\t\t\t\t\t\t\t\t\tbackground:#fff;\r\n\t\t\t\t\t\t\t\t\t   }\r\n\r\n.minimal-light .esg-cartbutton {\r\n\t\t\t\t\t\t\t\tcolor:#333;\r\n\t\t\t\t\t\t\t\tcursor: default !important;\r\n\t\t\t\t\t\t\t\t}\r\n.minimal-light .esg-cartbutton .esgicon-basket {color:#333;\r\n\t\t\t\t\t\t\t\t\t\t\t\tfont-size:15px;\r\n\t\t\t\t\t\t\t\t\t\t\t\tline-height:15px;\r\n\t\t\t\t\t\t\t\t\t\t\t\tmargin-right:10px;\r\n\t\t\t\t\t\t\t\t\t\t\t\t}\r\n.minimal-light  .esg-cartbutton-wrapper { cursor: default !important; }\r\n\r\n.minimal-light .esg-sortbutton,\r\n.minimal-light .esg-cartbutton { display:inline-block;\r\n\t\t\t\t\t\t\t\tposition:relative;\r\n\t\t\t\t\t\t\t\tcursor: pointer;\r\n\t\t\t\t\t\t\t\tmargin-right:0px;\r\n\t\t\t\t\t\t\t\tborder-right:none;\r\n\t\t\t\t\t\t\t\tborder-radius:5px 0px 0px 5px;\r\n\t\t\t\t\t\t\t\t-moz-border-radius:5px 0px 0px 5px;\r\n\t\t\t\t\t\t\t\t-webkit-border-radius:5px 0px 0px 5px;\r\n\t\t\t\t\t\t\t\t}\r\n\r\n.minimal-light .esg-navigationbutton:hover,\r\n.minimal-light .esg-filterbutton:hover,\r\n.minimal-light .esg-sortbutton:hover,\r\n.minimal-light .esg-sortbutton-order:hover,\r\n.minimal-light .esg-cartbutton a:hover,\r\n.minimal-light .esg-filterbutton.selected {\r\n\t\t\t\t\t\t\t\t\t\t\tbackground-color:#fff;\r\n\t\t\t\t\t\t\t\t\t\t\tborder-color:#bbb;\r\n\t\t\t\t\t\t\t\t\t\t\tcolor:#333;\r\n\t\t\t\t\t\t\t\t\t\t\tbox-shadow: 0px 3px 5px 0px rgba(0,0,0,0.13);\r\n\t\t\t\t\t\t\t\t\t\t  }\r\n\r\n.minimal-light .esg-navigationbutton:hover * { color:#333; }\r\n\r\n.minimal-light .esg-sortbutton-order.tp-desc:hover {\r\n\t\t\t\t\t\t\t\t\t\t\t\t\tborder-color:#bbb;\r\n\t\t\t\t\t\t\t\t\t\t\t\t\tcolor:#333;\r\n\t\t\t\t\t\t\t\t\t\t\t\t\tbox-shadow: 0px -3px 5px 0px rgba(0,0,0,0.13) !important;\r\n\t\t\t\t\t\t\t\t\t\t\t\t   }\r\n\r\n.minimal-light .esg-filter-checked { \r\n\t\t\t\t\t\t\t\t\tpadding:1px 3px;\r\n\t\t\t\t\t\t\t\t\tcolor:#cbcbcb;\r\n\t\t\t\t\t\t\t\t\tbackground:#cbcbcb;\r\n\t\t\t\t\t\t\t\t\tmargin-left:7px;\r\n\t\t\t\t\t\t\t\t\tfont-size:9px;\r\n\t\t\t\t\t\t\t\t\tfont-weight:300;\r\n\t\t\t\t\t\t\t\t\tline-height:9px;\r\n\t\t\t\t\t\t\t\t\tvertical-align: middle;\r\n\t\t\t\t\t\t\t\t\t}\r\n.minimal-light .esg-filterbutton.selected .esg-filter-checked,\r\n.minimal-light .esg-filterbutton:hover .esg-filter-checked {\r\n\t\t\t\t\t\t\t\t\t\t\t\t\t\t\tpadding:1px 3px 1px 3px;\r\n\t\t\t\t\t\t\t\t\t\t\t\t\t\t\tcolor:#fff;\r\n\t\t\t\t\t\t\t\t\t\t\t\t\t\t\tbackground:#000;\r\n\t\t\t\t\t\t\t\t\t\t\t\t\t\t\tmargin-left:7px;\r\n\t\t\t\t\t\t\t\t\t\t\t\t\t\t\tfont-size:9px;\r\n\t\t\t\t\t\t\t\t\t\t\t\t\t\t\tfont-weight:300;\r\n\t\t\t\t\t\t\t\t\t\t\t\t\t\t\tline-height:9px;\r\n\t\t\t\t\t\t\t\t\t\t\t\t\t\t\tvertical-align: middle;\r\n\t\t\t\t\t\t\t\t\t\t\t\t\t\t   }"},{"id":"5","name":"Simple Light","handle":"simple-light","css":"\/******************************\r\n\t-\tSIMPLE LIGHT SKIN\t-\r\n********************************\/\r\n\r\n.simple-light .navigationbuttons,\r\n.simple-light .esg-pagination,\r\n.simple-light .esg-filters { text-align: center; }\r\n\r\n.simple-light .esg-filterbutton,\r\n.simple-light .esg-navigationbutton,\r\n.simple-light .esg-sortbutton,\r\n.simple-light .esg-cartbutton a {\r\n\t\t\t\t\t\t\t\tcolor:#000;\r\n\t\t\t\t\t\t\t\tmargin-right:5px;\r\n\t\t\t\t\t\t\t\tcursor:pointer;\r\n\t\t\t\t\t\t\t\tpadding:0px 11px;\r\n\t\t\t\t\t\t\t\tborder:1px solid #e5e5e5;\r\n\t\t\t\t\t\t\t\tline-height:30px;\r\n\t\t\t\t\t\t\t\tfont-size:12px;\r\n\t\t\t\t\t\t\t\tfont-weight:400;\r\n\t\t\t\t\t\t\t\tfont-family:\\\\\\\"Open Sans\\\\\\\",sans-serif;\r\n\t\t\t\t\t\t\t\tdisplay: inline-block;\r\n\t\t\t\t\t\t\t\tbackground:#eee;\r\n\t\t\t\t\t\t\t\tmargin-bottom:5px;\r\n\t\t\t\t\t\t\t  }\r\n\r\n.simple-light .esg-navigationbutton * {\tcolor:#000; }\r\n.simple-light .esg-left,\r\n.simple-light .esg-right { color:#000; padding:0px 7px;}\r\n.simple-light .esg-pagination-button:last-child { margin-right: 0; }\r\n\r\n.simple-light .esg-sortbutton-wrapper,\r\n.simple-light .esg-cartbutton-wrapper {\tdisplay:inline-block; }\r\n.simple-light .esg-sortbutton-order,\r\n.simple-light .esg-cartbutton-order {\r\n\t\t\t\t\t\t\t\t\tdisplay: inline-block;\r\n\t\t\t\t\t\t\t\t\tvertical-align: top;\r\n\t\t\t\t\t\t\t\t\tborder: 1px solid #e5e5e5;\r\n\t\t\t\t\t\t\t\t\twidth: 29px;\r\n\t\t\t\t\t\t\t\t\tline-height: 30px;\r\n\t\t\t\t\t\t\t\t\tfont-size: 9px;\r\n\t\t\t\t\t\t\t\t\tfont-weight: 400;\r\n\t\t\t\t\t\t\t\t\tcolor: #000;\r\n\t\t\t\t\t\t\t\t\tcursor: pointer;\r\n\t\t\t\t\t\t\t\t\tbackground: #eee;\r\n\t\t\t\t\t\t\t\t\t}\r\n\r\n.simple-light .esg-cartbutton {\r\n\t\t\t\t\t\t\t\tcolor:#333;\r\n\t\t\t\t\t\t\t\tcursor: default !important;\r\n\t\t\t\t\t\t\t  }\r\n.simple-light .esg-cartbutton .esgicon-basket {\r\n\t\t\t\t\t\t\t\t\t\t\t\tcolor:#333;\r\n\t\t\t\t\t\t\t\t\t\t\t\tfont-size:15px;\r\n\t\t\t\t\t\t\t\t\t\t\t\tline-height:15px;\r\n\t\t\t\t\t\t\t\t\t\t\t\tmargin-right:10px;\r\n\t\t\t\t\t\t\t\t\t\t\t  }\r\n.simple-light  .esg-cartbutton-wrapper { cursor: default !important; }\r\n\r\n.simple-light .esg-sortbutton,\r\n.simple-light .esg-cartbutton {\r\n\t\t\t\t\t\t\t\tdisplay:inline-block;\r\n\t\t\t\t\t\t\t\tposition:relative;\r\n\t\t\t\t\t\t\t\tcursor: pointer;\r\n\t\t\t\t\t\t\t\tmargin-right:5px;\r\n\t\t\t\t\t\t\t  }\r\n\r\n\r\n.simple-light .esg-navigationbutton:hover,\r\n.simple-light .esg-filterbutton:hover,\r\n.simple-light .esg-sortbutton:hover,\r\n.simple-light .esg-sortbutton-order:hover,\r\n.simple-light .esg-cartbutton a:hover,\r\n.simple-light .esg-filterbutton.selected {\r\n\t\t\t\t\t\t\t\t\t\t\tbackground-color:#fff;\r\n\t\t\t\t\t\t\t\t\t\t\tborder-color:#bbb;\r\n\t\t\t\t\t\t\t\t\t\t\tcolor:#333;\r\n\t\t\t\t\t\t\t\t\t\t\tbox-shadow: 0px 3px 5px 0px rgba(0,0,0,0.13);\r\n\t\t\t\t\t\t\t\t\t\t }\r\n\r\n.simple-light .esg-navigationbutton:hover * { color:#333; }\r\n\r\n.simple-light .esg-sortbutton-order.tp-desc:hover {\r\n\t\t\t\t\t\t\t\t\t\t\t\t\tborder-color:#bbb;\r\n\t\t\t\t\t\t\t\t\t\t\t\t\tcolor:#333;\r\n\t\t\t\t\t\t\t\t\t\t\t\t\tbox-shadow: 0px -3px 5px 0px rgba(0,0,0,0.13) !important;\r\n\t\t\t\t\t\t\t\t\t\t\t\t  }\r\n\r\n.simple-light .esg-filter-checked {\r\n\t\t\t\t\t\t\t\t\tpadding:3px;\r\n\t\t\t\t\t\t\t\t\tcolor:#c5c5c5;\r\n\t\t\t\t\t\t\t\t\tbackground:#ddd;\r\n\t\t\t\t\t\t\t\t\tmargin-left:7px;\r\n\t\t\t\t\t\t\t\t\tfont-size:9px;\r\n\t\t\t\t\t\t\t\t\tfont-weight:400;\r\n\t\t\t\t\t\t\t\t\tline-height:20px;\r\n\t\t\t\t\t\t\t\t\tvertical-align: middle;\r\n\t\t\t\t\t\t\t\t  }\r\n.simple-light .esg-filterbutton.selected .esg-filter-checked,\r\n.simple-light .esg-filterbutton:hover .esg-filter-checked {\r\n\t\t\t\t\t\t\t\t\t\t\t\t\t\t\tpadding: 3px;\r\n\t\t\t\t\t\t\t\t\t\t\t\t\t\t\tcolor:#fff;\r\n\t\t\t\t\t\t\t\t\t\t\t\t\t\t\tbackground:#000;\r\n\t\t\t\t\t\t\t\t\t\t\t\t\t\t\tmargin-left:7px;\r\n\t\t\t\t\t\t\t\t\t\t\t\t\t\t\tfont-size:9px;\r\n\t\t\t\t\t\t\t\t\t\t\t\t\t\t\tfont-weight:400;\r\n\t\t\t\t\t\t\t\t\t\t\t\t\t\t\tline-height:20px;\r\n\t\t\t\t\t\t\t\t\t\t\t\t\t\t\tvertical-align: middle\r\n\t\t\t\t\t\t\t\t\t\t\t\t\t\t}"},{"id":"6","name":"Simple Dark","handle":"simple-dark","css":"\/********************************\r\n-\tSIMPLE DARK BUTTONS -\r\n*********************************\/\r\n\r\n.simple-dark .navigationbuttons,\r\n.simple-dark .esg-pagination,\r\n.simple-dark .esg-filters {\ttext-align: center; }\r\n\r\n.simple-dark .esg-filterbutton,\r\n.simple-dark .esg-navigationbutton,\r\n.simple-dark .esg-sortbutton,\r\n.simple-dark .esg-cartbutton {\r\n\t\t\t\t\t\t\t\tcolor:#fff;\r\n\t\t\t\t\t\t\t\tmargin-right:5px;\r\n\t\t\t\t\t\t\t\tcursor:pointer;\r\n\t\t\t\t\t\t\t\tpadding:0px 10px;\r\n\t\t\t\t\t\t\t\tborder:1px solid rgb(255,255,255);\r\n\t\t\t\t\t\t\t\tborder:1px solid rgba(255,255,255,0.15);\r\n\t\t\t\t\t\t\t\tline-height:29px;\r\n\t\t\t\t\t\t\t\tfont-size:12px;\r\n\t\t\t\t\t\t\t\tfont-weight:600;\r\n\t\t\t\t\t\t\t\tfont-family:\"Open Sans\",sans-serif;\r\n\t\t\t\t\t\t\t\tdisplay: inline-block;\r\n\t\t\t\t\t\t\t\tbackground: rgba(255,255,255,0.08 );\r\n\t\t\t\t\t\t\t\tmargin-bottom:5px;\r\n\t\t\t\t\t\t\t  }\r\n\r\n.simple-dark .esg-navigationbutton * {\r\n\t\t\t\t\t\t\t\t\t\tcolor:#fff;\r\n\t\t\t\t\t\t\t\t\t }\r\n.simple-dark .esg-left, .simple-dark .esg-right { padding:0px 5px !important; }\r\n\r\n.simple-dark  .esg-sortbutton-wrapper,\r\n.simple-dark  .esg-cartbutton-wrapper {\tdisplay:inline-block; }\r\n.simple-dark  .esg-sortbutton-order,\r\n.simple-dark  .esg-cartbutton-order {\r\n\t\t\t\t\t\t\t\t\tdisplay: inline-block;\r\n\t\t\t\t\t\t\t\t\tvertical-align: top;\r\n\t\t\t\t\t\t\t\t\tborder:1px solid rgb(255,255,255);\r\n\t\t\t\t\t\t\t\t\tborder:1px solid rgba(255,255,255,0.15);\r\n\t\t\t\t\t\t\t\t\twidth: 29px;\r\n\t\t\t\t\t\t\t\t\tline-height: 29px;\r\n\t\t\t\t\t\t\t\t\tfont-size: 9px;\r\n\t\t\t\t\t\t\t\t\tfont-weight: 600;\r\n\t\t\t\t\t\t\t\t\tcolor: #fff;\r\n\t\t\t\t\t\t\t\t\tcursor: pointer;\r\n\t\t\t\t\t\t\t\t\tbackground: rgba(255,255,255,0.08 );\r\n\t\t\t\t\t\t\t\t\t}\r\n\r\n.simple-dark .esg-cartbutton {\r\n\t\t\t\t\t\t\tcolor:#fff;\r\n\t\t\t\t\t\t\tcursor: default !important;\r\n\t\t\t\t\t\t\t}\r\n\t\t\t\t\t\t\t\r\n.simple-dark .esg-cartbutton .esgicon-basket {\r\n\t\t\t\t\t\t\t\t\t\t\t\tcolor:#fff;\r\n\t\t\t\t\t\t\t\t\t\t\t\tfont-size:15px;\r\n\t\t\t\t\t\t\t\t\t\t\t\tline-height:15px;\r\n\t\t\t\t\t\t\t\t\t\t\t\tmargin-right:10px;\r\n\t\t\t\t\t\t\t\t\t\t\t  }\r\n.simple-dark  .esg-cartbutton-wrapper {\tcursor: default !important; }\r\n\r\n.simple-dark .esg-sortbutton,\r\n.simple-dark .esg-cartbutton {\r\n\t\t\t\t\t\t\t\tdisplay:inline-block;\r\n\t\t\t\t\t\t\t\tposition:relative;\r\n\t\t\t\t\t\t\t\tcursor: pointer;\r\n\t\t\t\t\t\t\t\tmargin-right:5px;\r\n\t\t\t\t\t\t\t  }\r\n\r\n\r\n.simple-dark .esg-navigationbutton:hover,\r\n.simple-dark .esg-filterbutton:hover,\r\n.simple-dark .esg-sortbutton:hover,\r\n.simple-dark .esg-sortbutton-order:hover,\r\n.simple-dark .esg-cartbutton-order:hover,\r\n.simple-dark .esg-filterbutton.selected {\r\n\t\t\t\t\t\t\t\t\t\tborder-color:#fff;\r\n\t\t\t\t\t\t\t\t\t\tcolor:#000;\r\n\t\t\t\t\t\t\t\t\t\tbox-shadow: 0px 3px 5px 0px rgba(0,0,0,0.13);\r\n\t\t\t\t\t\t\t\t\t\tbackground:#fff;\r\n\t\t\t\t\t\t\t\t\t\t}\r\n\r\n.simple-dark .esg-navigationbutton:hover * { color:#000; }\r\n.simple-dark .esg-pagination-button:last-child { margin-right: 0; }\r\n\r\n.simple-dark .esg-sortbutton-order.tp-desc:hover {\r\n\t\t\t\t\t\t\t\t\t\t\t\t\tborder-color:#fff;\r\n\t\t\t\t\t\t\t\t\t\t\t\t\tborder-color:rgba(255,255,255,0.2);\r\n\t\t\t\t\t\t\t\t\t\t\t\t\tcolor:#000;\r\n\t\t\t\t\t\t\t\t\t\t\t\t\tbox-shadow: 0px -3px 5px 0px rgba(0,0,0,0.13) !important;\r\n\t\t\t\t\t\t\t\t\t\t\t\t }\r\n\r\n.simple-dark .esg-filter-checked {\r\n\t\t\t\t\t\t\t\t\tpadding:1px;\r\n\t\t\t\t\t\t\t\t\tcolor:transparent;\r\n\t\t\t\t\t\t\t\t\tbackground:#000;\r\n\t\t\t\t\t\t\t\t\tbackground: rgba(255,255,255,0.15);\r\n\t\t\t\t\t\t\t\t\tmargin-left:7px;\r\n\t\t\t\t\t\t\t\t\tfont-size:9px;\r\n\t\t\t\t\t\t\t\t\tfont-weight:300;\r\n\t\t\t\t\t\t\t\t\tline-height:9px;\r\n\t\t\t\t\t\t\t\t\tvertical-align: middle;\r\n\t\t\t\t\t\t\t\t  }\r\n\r\n.simple-dark .esg-filterbutton.selected .esg-filter-checked,\r\n.simple-dark .esg-filterbutton:hover .esg-filter-checked {\r\n\t\t\t\t\t\t\t\t\t\t\t\t\t\t\tpadding:1px;\r\n\t\t\t\t\t\t\t\t\t\t\t\t\t\t\tcolor:#000;\r\n\t\t\t\t\t\t\t\t\t\t\t\t\t\t\tbackground:#fff;\r\n\t\t\t\t\t\t\t\t\t\t\t\t\t\t\tmargin-left:7px;\r\n\t\t\t\t\t\t\t\t\t\t\t\t\t\t\tfont-size:9px;\r\n\t\t\t\t\t\t\t\t\t\t\t\t\t\t\tfont-weight:300;\r\n\t\t\t\t\t\t\t\t\t\t\t\t\t\t\tline-height:9px;\r\n\t\t\t\t\t\t\t\t\t\t\t\t\t\t\tvertical-align: middle;\r\n\t\t\t\t\t\t\t\t\t\t\t\t\t\t  }"},{"id":"7","name":"Text Dark","handle":"text-dark","css":"\/********************************\r\n-\tTEXT DARK BUTTONS -\r\n*********************************\/\r\n\r\n.text-dark .navigationbuttons,\r\n.text-dark .esg-pagination,\r\n.text-dark .esg-filters { text-align: center; }\r\n\r\n.text-dark .esg-filterbutton,\r\n.text-dark .esg-navigationbutton,\r\n.text-dark .esg-sortbutton,\r\n.text-dark .esg-cartbutton {\r\n\t\t\t\t\t\t\tcolor:#fff;\r\n\t\t\t\t\t\t\tcolor:rgba(255,255,255,0.4);\r\n\t\t\t\t\t\t\tmargin-right:5px;\r\n\t\t\t\t\t\t\tcursor:pointer;\r\n\t\t\t\t\t\t\tpadding:0px 15px 0px 10px;\r\n\t\t\t\t\t\t\tline-height:20px;\r\n\t\t\t\t\t\t\tfont-size:12px;\r\n\t\t\t\t\t\t\tfont-weight:600;\r\n\t\t\t\t\t\t\tfont-family:\"Open Sans\",sans-serif;\r\n\t\t\t\t\t\t\tdisplay: inline-block;\r\n\t\t\t\t\t\t\tbackground:transparent;\r\n\t\t\t\t\t\t\tmargin-bottom:5px;\r\n\t\t\t\t\t\t  }\r\n\r\n.text-dark .esg-navigationbutton * {\r\n\t\t\t\t\t\t\t\t\tcolor:#fff;\r\n\t\t\t\t\t\t\t\t\tcolor:rgba(255,255,255,0.4);\r\n\t\t\t\t\t\t\t\t   }\r\n\r\n.text-dark  .esg-sortbutton-wrapper,\r\n.text-dark  .esg-cartbutton-wrapper { display:inline-block; }\r\n.text-dark  .esg-sortbutton-order,\r\n.text-dark  .esg-cartbutton-order {\r\n\t\t\t\t\t\t\t\t\tdisplay: inline-block;\r\n\t\t\t\t\t\t\t\t\tvertical-align: middle;\r\n\t\t\t\t\t\t\t\t\twidth: 29px;\r\n\t\t\t\t\t\t\t\t\tline-height: 20px;\r\n\t\t\t\t\t\t\t\t\tfont-size: 9px;\r\n\t\t\t\t\t\t\t\t\tfont-weight: 700;\r\n\t\t\t\t\t\t\t\t\tcolor:#fff;\r\n\t\t\t\t\t\t\t\t\tcolor:rgba(255,255,255,0.4);\r\n\t\t\t\t\t\t\t\t\tcursor: pointer;\r\n\t\t\t\t\t\t\t\t\tbackground: transparent;\r\n\t\t\t\t\t\t\t\t  }\r\n\r\n.text-dark .esg-cartbutton {\r\n\t\t\t\t\t\t\tcolor:#fff;\r\n\t\t\t\t\t\t\tcolor:rgba(255,255,255,0.4);\r\n\t\t\t\t\t\t\tcursor: default !important;\r\n\t\t\t\t\t\t\t}\r\n.text-dark .esg-cartbutton .esgicon-basket {\r\n\t\t\t\t\t\t\t\t\t\t\tcolor:#fff;\r\n\t\t\t\t\t\t\t\t\t\t\tcolor:rgba(255,255,255,0.4);\r\n\t\t\t\t\t\t\t\t\t\t\tfont-size:15px;\r\n\t\t\t\t\t\t\t\t\t\t\tline-height:15px;\r\n\t\t\t\t\t\t\t\t\t\t\tmargin-right:10px;\r\n\t\t\t\t\t\t\t\t\t\t\t}\r\n.text-dark  .esg-cartbutton-wrapper { cursor: default !important; }\r\n\r\n.text-dark .esg-sortbutton,\r\n.text-dark .esg-cartbutton {\r\n\t\t\t\t\t\t\tdisplay:inline-block;\r\n\t\t\t\t\t\t\tposition:relative;\r\n\t\t\t\t\t\t\tcursor: pointer;\r\n\t\t\t\t\t\t\tmargin-right:0px;\r\n\t\t\t\t\t\t\t}\r\n\r\n.text-dark .esg-navigationbutton:hover,\r\n.text-dark .esg-filterbutton:hover,\r\n.text-dark .esg-sortbutton:hover,\r\n.text-dark .esg-filterbutton.selected,\r\n.text-dark .esg-sortbutton-order:hover,\r\n.text-dark .esg-cartbutton-order:hover { color:#fff; }\r\n\r\n.text-dark .esg-navigationbutton:hover,\r\n.text-dark .esg-filterbutton:hover span:first-child,\r\n.text-dark .esg-filterbutton.selected span:first-child { text-decoration: none; }\r\n\r\n.text-dark .esg-filterbutton {\r\n\t\t\t\t\t\t\t\tborder-right:1px solid #fff;\r\n\t\t\t\t\t\t\t\tborder-right:1px solid rgba(255,255,255,0.15);\r\n\t\t\t\t\t\t\t  }\r\n.text-dark .esg-filterbutton:last-child\t{ border-right:none; }\r\n\r\n.text-dark .esg-sortbutton-order {\r\n\t\t\t\t\t\t\t\t\tpadding-left:10px;\r\n\t\t\t\t\t\t\t\t\tborder-left:1px solid #fff;\r\n\t\t\t\t\t\t\t\t\tborder-left:1px solid rgba(255,255,255,0.15);\r\n\t\t\t\t\t\t\t\t }\r\n\r\n.text-dark .esg-navigationbutton:hover * { color:#fff; }\r\n\r\n.text-dark .esg-sortbutton-order.tp-desc:hover {\r\n\t\t\t\t\t\t\t\t\t\t\t\tborder-color:#fff;\r\n\t\t\t\t\t\t\t\t\t\t\t\tborder-color:rgba(255,255,255,0.15);\r\n\t\t\t\t\t\t\t\t\t\t\t\tcolor:#fff;\r\n\t\t\t\t\t\t\t\t\t\t\t\t}\r\n\r\n.text-dark .esg-filter-checked {\r\n\t\t\t\t\t\t\t\tpadding:1px 3px;\r\n\t\t\t\t\t\t\t\tcolor:transparent;\r\n\t\t\t\t\t\t\t\tbackground:#000;\r\n\t\t\t\t\t\t\t\tbackground: rgba(0,0,0,0.10);\r\n\t\t\t\t\t\t\t\tmargin-left:7px;\r\n\t\t\t\t\t\t\t\tfont-size:9px;\r\n\t\t\t\t\t\t\t\tfont-weight:300;\r\n\t\t\t\t\t\t\t\tline-height:9px;\r\n\t\t\t\t\t\t\t\tvertical-align: middle;\r\n\t\t\t\t\t\t\t\t}\r\n\r\n.text-dark .esg-filter-checked * { }\r\n.text-dark .esg-filterbutton.selected .esg-filter-checked,\r\n.text-dark .esg-filterbutton:hover .esg-filter-checked {\r\n\t\t\t\t\t\t\t\t\t\t\t\t\t\tpadding:1px 3px 1px 3px;\r\n\t\t\t\t\t\t\t\t\t\t\t\t\t\tcolor:#fff;\r\n\t\t\t\t\t\t\t\t\t\t\t\t\t\tbackground:#000;\r\n\t\t\t\t\t\t\t\t\t\t\t\t\t\tbackground: rgba(0,0,0,0.10);\r\n\t\t\t\t\t\t\t\t\t\t\t\t\t\tmargin-left:7px;\r\n\t\t\t\t\t\t\t\t\t\t\t\t\t\tfont-size:9px;\r\n\t\t\t\t\t\t\t\t\t\t\t\t\t\tfont-weight:300;\r\n\t\t\t\t\t\t\t\t\t\t\t\t\t\tline-height:9px;\r\n\t\t\t\t\t\t\t\t\t\t\t\t\t\tvertical-align: middle\r\n\t\t\t\t\t\t\t\t\t\t\t\t\t\t}"},{"id":"8","name":"Text Light","handle":"text-light","css":"\/********************************\r\n-\tTEXT LIGHT BUTTONS -\r\n*********************************\/\r\n\r\n.text-light .navigationbuttons,\r\n.text-light .esg-pagination,\r\n.text-light .esg-filters {\r\n\t\t\t\t\t\ttext-align: center;\r\n\t\t\t\t\t\tposition: relative;\r\n\t\t\t\t\t\tz-index:2;\r\n\t\t\t\t\t\t}\r\n\r\n.text-light .esg-filterbutton,\r\n.text-light .esg-navigationbutton,\r\n.text-light .esg-sortbutton,\r\n.text-light .esg-cartbutton {\r\n\t\t\t\t\t\t\tcolor:#999;\r\n\t\t\t\t\t\t\tmargin-right:5px;\r\n\t\t\t\t\t\t\tcursor:pointer;\r\n\t\t\t\t\t\t\tpadding:0px 15px 0px 10px;\r\n\t\t\t\t\t\t\tline-height:20px;\r\n\t\t\t\t\t\t\tfont-size:12px;\r\n\t\t\t\t\t\t\tfont-weight:600;\r\n\t\t\t\t\t\t\tfont-family:\"Open Sans\",sans-serif;\r\n\t\t\t\t\t\t\tdisplay: inline-block;\r\n\t\t\t\t\t\t\tbackground:transparent;\r\n\t\t\t\t\t\t\tmargin-bottom:5px;\r\n\t\t\t\t\t\t\t}\r\n\r\n.text-light .esg-navigationbutton * { color:#999; }\r\n\r\n.text-light  .esg-sortbutton-wrapper,\r\n.text-light  .esg-cartbutton-wrapper { display:inline-block; }\r\n.text-light  .esg-sortbutton-order,\r\n.text-light  .esg-cartbutton-order {\r\n\t\t\t\t\t\t\t\t\tdisplay: inline-block;\r\n\t\t\t\t\t\t\t\t\tvertical-align: middle;\r\n\t\t\t\t\t\t\t\t\twidth: 29px;\r\n\t\t\t\t\t\t\t\t\tline-height: 20px;\r\n\t\t\t\t\t\t\t\t\tfont-size: 9px;\r\n\t\t\t\t\t\t\t\t\tfont-weight: 700;\r\n\t\t\t\t\t\t\t\t\tcolor:#999;\r\n\t\t\t\t\t\t\t\t\tcursor: pointer;\r\n\t\t\t\t\t\t\t\t\tbackground: transparent;\r\n\t\t\t\t\t\t\t\t\t}\r\n\r\n.text-light .esg-cartbutton {\r\n\t\t\t\t\t\t\tcolor:#999;\r\n\t\t\t\t\t\t\tcursor: default !important;\r\n\t\t\t\t\t\t\t}\r\n.text-light .esg-cartbutton .esgicon-basket {\r\n\t\t\t\t\t\t\t\t\t\t\tcolor:#999;\r\n\t\t\t\t\t\t\t\t\t\t\tfont-size:15px;\r\n\t\t\t\t\t\t\t\t\t\t\tline-height:15px;\r\n\t\t\t\t\t\t\t\t\t\t\tmargin-right:10px;\r\n\t\t\t\t\t\t\t\t\t\t\t}\r\n.text-light .esg-cartbutton-wrapper { cursor: default !important; }\r\n\r\n.text-light .esg-sortbutton,\r\n.text-light .esg-cartbutton {\r\n\t\t\t\t\t\t\tdisplay:inline-block;\r\n\t\t\t\t\t\t\tposition:relative;\r\n\t\t\t\t\t\t\tcursor: pointer;\r\n\t\t\t\t\t\t\tmargin-right:0px;\r\n\t\t\t\t\t\t\t}\r\n\r\n.text-light .esg-navigationbutton:hover,\r\n.text-light .esg-filterbutton:hover,\r\n.text-light .esg-sortbutton:hover,\r\n.text-light .esg-filterbutton.selected,\r\n.text-light .esg-sortbutton-order:hover,\r\n.text-light .esg-cartbutton-order:hover { color:#444; }\r\n\r\n.text-light .esg-navigationbutton:hover,\r\n.text-light .esg-filterbutton:hover span:first-child,\r\n.text-light .esg-filterbutton.selected span:first-child { text-decoration: underline; }\r\n\r\n.text-light .esg-filterbutton {\tborder-right:1px solid #e5e5e5; }\r\n.text-light .esg-filterbutton:last-child { border-right:none; }\r\n\r\n.text-light .esg-sortbutton-order {\r\n\t\t\t\t\t\t\t\t\tpadding-left:10px;\r\n\t\t\t\t\t\t\t\t\tborder-left:1px solid #e5e5e5;\r\n\t\t\t\t\t\t\t\t  }\r\n\r\n.text-light .esg-navigationbutton:hover * {\tcolor:#444; }\r\n\r\n.text-light .esg-sortbutton-order.tp-desc:hover {\r\n\t\t\t\t\t\t\t\t\t\t\t\tborder-color:#e5e5e5;\r\n\t\t\t\t\t\t\t\t\t\t\t\tcolor:#444;\r\n\t\t\t\t\t\t\t\t\t\t\t\t}\r\n\r\n.text-light .esg-filter-checked {\r\n\t\t\t\t\t\t\t\tpadding:1px 3px;\r\n\t\t\t\t\t\t\t\tcolor:transparent;\r\n\t\t\t\t\t\t\t\tbackground:#eee;\r\n\t\t\t\t\t\t\t\tbackground: rgba(0,0,0,0.05);\r\n\t\t\t\t\t\t\t\tmargin-left:7px;\r\n\t\t\t\t\t\t\t\tfont-size:9px;\r\n\t\t\t\t\t\t\t\tfont-weight:300;\r\n\t\t\t\t\t\t\t\tline-height:9px;\r\n\t\t\t\t\t\t\t\tvertical-align: middle;\r\n\t\t\t\t\t\t\t\t}\r\n.text-light .esg-filter-checked * { }\r\n.text-light .esg-filterbutton.selected .esg-filter-checked,\r\n.text-light .esg-filterbutton:hover .esg-filter-checked {\r\n\t\t\t\t\t\t\t\t\t\t\t\t\t\tpadding:1px 3px 1px 3px;\r\n\t\t\t\t\t\t\t\t\t\t\t\t\t\tcolor:#333;\r\n\t\t\t\t\t\t\t\t\t\t\t\t\t\tbackground:#eee;\r\n\t\t\t\t\t\t\t\t\t\t\t\t\t\tbackground: rgba(0,0,0,0.05);\r\n\t\t\t\t\t\t\t\t\t\t\t\t\t\tmargin-left:7px;\r\n\t\t\t\t\t\t\t\t\t\t\t\t\t\tfont-size:9px;\r\n\t\t\t\t\t\t\t\t\t\t\t\t\t\tfont-weight:300;\r\n\t\t\t\t\t\t\t\t\t\t\t\t\t\tline-height:9px;\r\n\t\t\t\t\t\t\t\t\t\t\t\t\t\tvertical-align: middle;\r\n\t\t\t\t\t\t\t\t\t\t\t\t\t\t}\r\n"}],"punch-fonts":[{"url":"Open+Sans:300,400,600,700,800","handle":"open-sans"},{"url":"Raleway:100,200,300,400,500,600,700,800,900","handle":"raleway"},{"url":"Droid+Serif:400,700","handle":"droid-serif"}],"global-css":"\/* HENRY HARRISON *\/\r\n\r\na.eg-henryharrison-element-1,\r\na.eg-henryharrison-element-2 {\r\n  -webkit-transition: all .4s linear;  \r\n    -moz-transition: all .4s linear;  \r\n    -o-transition: all .4s linear;  \r\n    -ms-transition: all .4s linear;  \r\n    transition: all .4s linear; \r\n}\r\n\r\n\/* JIMMY CARTER *\/\r\n.eg-jimmy-carter-element-11 i:before { margin-left:0px; margin-right:0px;}\r\n\r\n\r\n\/* HARDING *\/\r\n.eg-harding-element-17 { letter-spacing:1px}\r\n.eg-harding-wrapper .esg-entry-media { overflow:hidden; \r\n            box-sizing:border-box;\r\n            -webkit-box-sizing:border-box;\r\n            -moz-box-sizing:border-box;\r\n            padding:30px 30px 0px 30px;\r\n}\r\n\r\n.eg-harding-wrapper .esg-entry-media img { overflow:hidden; \r\n            border-radius:50%;\r\n            -webkit-border-radius:50%;\r\n            -moz-border-radius:50%;\r\n}\r\n\r\n\/*ULYSSES S GRANT *\/\r\n.eg-ulysses-s-grant-wrapper .esg-entry-media { overflow:hidden; \r\n            box-sizing:border-box;\r\n            -webkit-box-sizing:border-box;\r\n            -moz-box-sizing:border-box;\r\n            padding:30px 30px 0px 30px;\r\n}\r\n\r\n.eg-ulysses-s-grant-wrapper .esg-entry-media img { overflow:hidden; \r\n            border-radius:50%;\r\n            -webkit-border-radius:50%;\r\n            -moz-border-radius:50%;\r\n}\r\n\r\n\/*RICHARD NIXON *\/\r\n.eg-richard-nixon-wrapper .esg-entry-media { overflow:hidden; \r\n            box-sizing:border-box;\r\n            -webkit-box-sizing:border-box;\r\n            -moz-box-sizing:border-box;\r\n            padding:30px 30px 0px 30px;\r\n}\r\n\r\n.eg-richard-nixon-wrapper .esg-entry-media img { overflow:hidden; \r\n            border-radius:50%;\r\n            -webkit-border-radius:50%;\r\n            -moz-border-radius:50%;\r\n}\r\n\r\n\r\n\/* HERBERT HOOVER *\/\r\n.eg-herbert-hoover-wrapper .esg-entry-media img{\r\n    filter: url(\"data:image\/svg+xml;utf8,<svg xmlns='http:\/\/www.w3.org\/2000\/svg'><filter id='grayscale'><feColorMatrix type='matrix' values='0.3333 0.3333 0.3333 0 0 0.3333 0.3333 0.3333 0 0 0.3333 0.3333 0.3333 0 0 0 0 0 1 0'\/><\/filter><\/svg>#grayscale\"); \/* Firefox 10+, Firefox on Android *\/\r\n    filter: gray; \/* IE6-9 *\/\r\n    -webkit-filter: grayscale(100%); \/* Chrome 19+, Safari 6+, Safari 6+ iOS *\/\r\n}\r\n\r\n.eg-herbert-hoover-wrapper:hover .esg-entry-media img{\r\n    filter: url(\"data:image\/svg+xml;utf8,<svg xmlns='http:\/\/www.w3.org\/2000\/svg'><filter id='grayscale'><feColorMatrix type='matrix' values='1 0 0 0 0, 0 1 0 0 0, 0 0 1 0 0, 0 0 0 1 0'\/><\/filter><\/svg>#grayscale\");\r\n    -webkit-filter: grayscale(0%);}\r\n\r\n\r\n\/* JOOHNSON *\/\r\n.eg-lyndon-johnson-wrapper .esg-entry-media img{\r\n    filter: url(\"data:image\/svg+xml;utf8,<svg xmlns='http:\/\/www.w3.org\/2000\/svg'><filter id='grayscale'><feColorMatrix type='matrix' values='0.3333 0.3333 0.3333 0 0 0.3333 0.3333 0.3333 0 0 0.3333 0.3333 0.3333 0 0 0 0 0 1 0'\/><\/filter><\/svg>#grayscale\"); \/* Firefox 10+, Firefox on Android *\/\r\n    filter: gray; \/* IE6-9 *\/\r\n    -webkit-filter: grayscale(100%); \/* Chrome 19+, Safari 6+, Safari 6+ iOS *\/\r\n}\r\n\r\n.eg-lyndon-johnson-wrapper:hover .esg-entry-media img{\r\n    filter: url(\"data:image\/svg+xml;utf8,<svg xmlns='http:\/\/www.w3.org\/2000\/svg'><filter id='grayscale'><feColorMatrix type='matrix' values='1 0 0 0 0, 0 1 0 0 0, 0 0 1 0 0, 0 0 0 1 0'\/><\/filter><\/svg>#grayscale\");\r\n    -webkit-filter: grayscale(0%);}\r\n\r\n\r\n\/*RONALD REAGAN*\/\r\n.esg-overlay.eg-ronald-reagan-container {background: -moz-linear-gradient(top, rgba(0,0,0,0) 50%, rgba(0,0,0,0.83) 99%, rgba(0,0,0,0.85) 100%); \/* FF3.6+ *\/\r\nbackground: -webkit-gradient(linear, left top, left bottom, color-stop(50%,rgba(0,0,0,0)), color-stop(99%,rgba(0,0,0,0.83)), color-stop(100%,rgba(0,0,0,0.85))); \/* Chrome,Safari4+ *\/\r\nbackground: -webkit-linear-gradient(top, rgba(0,0,0,0) 50%,rgba(0,0,0,0.83) 99%,rgba(0,0,0,0.85) 100%); \/* Chrome10+,Safari5.1+ *\/\r\nbackground: -o-linear-gradient(top, rgba(0,0,0,0) 50%,rgba(0,0,0,0.83) 99%,rgba(0,0,0,0.85) 100%); \/* Opera 11.10+ *\/\r\nbackground: -ms-linear-gradient(top, rgba(0,0,0,0) 50%,rgba(0,0,0,0.83) 99%,rgba(0,0,0,0.85) 100%); \/* IE10+ *\/\r\nbackground: linear-gradient(to bottom, rgba(0,0,0,0) 50%,rgba(0,0,0,0.83) 99%,rgba(0,0,0,0.85) 100%); \/* W3C *\/\r\nfilter: progid:DXImageTransform.Microsoft.gradient( startColorstr='#00000000', endColorstr='#d9000000',GradientType=0 ); \/* IE6-9 *\/}\r\n\r\n\/*GEORGE BUSH*\/\r\n.eg-georgebush-wrapper .esg-entry-cover {background: -moz-linear-gradient(top, rgba(0,0,0,0) 50%, rgba(0,0,0,0.83) 99%, rgba(0,0,0,0.85) 100%); \/* FF3.6+ *\/\r\nbackground: -webkit-gradient(linear, left top, left bottom, color-stop(50%,rgba(0,0,0,0)), color-stop(99%,rgba(0,0,0,0.83)), color-stop(100%,rgba(0,0,0,0.85))); \/* Chrome,Safari4+ *\/\r\nbackground: -webkit-linear-gradient(top, rgba(0,0,0,0) 50%,rgba(0,0,0,0.83) 99%,rgba(0,0,0,0.85) 100%); \/* Chrome10+,Safari5.1+ *\/\r\nbackground: -o-linear-gradient(top, rgba(0,0,0,0) 50%,rgba(0,0,0,0.83) 99%,rgba(0,0,0,0.85) 100%); \/* Opera 11.10+ *\/\r\nbackground: -ms-linear-gradient(top, rgba(0,0,0,0) 50%,rgba(0,0,0,0.83) 99%,rgba(0,0,0,0.85) 100%); \/* IE10+ *\/\r\nbackground: linear-gradient(to bottom, rgba(0,0,0,0) 50%,rgba(0,0,0,0.83) 99%,rgba(0,0,0,0.85) 100%); \/* W3C *\/\r\nfilter: progid:DXImageTransform.Microsoft.gradient( startColorstr='#00000000', endColorstr='#d9000000',GradientType=0 ); \/* IE6-9 *\/}\r\n\r\n\/*GEORGE BUSH\r\n.eg-georgebush-wrapper .esg-entry-cover { background: rgba(0,0,0,0.5);}*\/\r\n\r\n\/*JEFFERSON*\/\r\n.eg-jefferson-wrapper { -webkit-border-radius: 5px !important; -moz-border-radius: 5px !important; border-radius: 5px !important; -webkit-mask-image: url(data:image\/png;base64,iVBORw0KGgoAAAANSUhEUgAAAAEAAAABCAIAAACQd1PeAAAAGXRFWHRTb2Z0d2FyZQBBZG9iZSBJbWFnZVJlYWR5ccllPAAAAA5JREFUeNpiYGBgAAgwAAAEAAGbA+oJAAAAAElFTkSuQmCC) !important; }\r\n\r\n\/*MONROE*\/\r\n.eg-monroe-element-1 { text-shadow: 0px 1px 3px rgba(0, 0, 0, 0.1); }\r\n\r\n\/*LYNDON JOHNSON*\/\r\n.eg-lyndon-johnson-wrapper .esg-entry-cover { background: -moz-radial-gradient(center, ellipse cover,  rgba(0,0,0,0.35) 0%, rgba(18,18,18,0) 96%, rgba(19,19,19,0) 100%); \/* FF3.6+ *\/\r\nbackground: -webkit-gradient(radial, center center, 0px, center center, 100%, color-stop(0%,rgba(0,0,0,0.35)), color-stop(96%,rgba(18,18,18,0)), color-stop(100%,rgba(19,19,19,0))); \/* Chrome,Safari4+ *\/\r\nbackground: -webkit-radial-gradient(center, ellipse cover,  rgba(0,0,0,0.35) 0%,rgba(18,18,18,0) 96%,rgba(19,19,19,0) 100%); \/* Chrome10+,Safari5.1+ *\/\r\nbackground: -o-radial-gradient(center, ellipse cover,  rgba(0,0,0,0.35) 0%,rgba(18,18,18,0) 96%,rgba(19,19,19,0) 100%); \/* Opera 12+ *\/\r\nbackground: -ms-radial-gradient(center, ellipse cover,  rgba(0,0,0,0.35) 0%,rgba(18,18,18,0) 96%,rgba(19,19,19,0) 100%); \/* IE10+ *\/\r\nbackground: radial-gradient(ellipse at center,  rgba(0,0,0,0.35) 0%,rgba(18,18,18,0) 96%,rgba(19,19,19,0) 100%); \/* W3C *\/\r\nfilter: progid:DXImageTransform.Microsoft.gradient( startColorstr='#59000000', endColorstr='#00131313',GradientType=1 ); \/* IE6-9 fallback on horizontal gradient *\/\r\n }\r\n\r\n\/*WILBERT*\/\r\n.eg-wilbert-wrapper .esg-entry-cover { background: -moz-radial-gradient(center, ellipse cover,  rgba(0,0,0,0.35) 0%, rgba(18,18,18,0) 96%, rgba(19,19,19,0) 100%); \/* FF3.6+ *\/\r\nbackground: -webkit-gradient(radial, center center, 0px, center center, 100%, color-stop(0%,rgba(0,0,0,0.35)), color-stop(96%,rgba(18,18,18,0)), color-stop(100%,rgba(19,19,19,0))); \/* Chrome,Safari4+ *\/\r\nbackground: -webkit-radial-gradient(center, ellipse cover,  rgba(0,0,0,0.35) 0%,rgba(18,18,18,0) 96%,rgba(19,19,19,0) 100%); \/* Chrome10+,Safari5.1+ *\/\r\nbackground: -o-radial-gradient(center, ellipse cover,  rgba(0,0,0,0.35) 0%,rgba(18,18,18,0) 96%,rgba(19,19,19,0) 100%); \/* Opera 12+ *\/\r\nbackground: -ms-radial-gradient(center, ellipse cover,  rgba(0,0,0,0.35) 0%,rgba(18,18,18,0) 96%,rgba(19,19,19,0) 100%); \/* IE10+ *\/\r\nbackground: radial-gradient(ellipse at center,  rgba(0,0,0,0.35) 0%,rgba(18,18,18,0) 96%,rgba(19,19,19,0) 100%); \/* W3C *\/\r\nfilter: progid:DXImageTransform.Microsoft.gradient( startColorstr='#59000000', endColorstr='#00131313',GradientType=1 ); \/* IE6-9 fallback on horizontal gradient *\/\r\n }\r\n.eg-wilbert-wrapper .esg-entry-media img{\r\n  -webkit-transition: 0.4s ease-in-out;\r\n    -moz-transition:  0.4s ease-in-out;\r\n    -o-transition:  0.4s ease-in-out;\r\n    transition:  0.4s ease-in-out;\r\n    filter: url(\"data:image\/svg+xml;utf8,<svg xmlns='http:\/\/www.w3.org\/2000\/svg'><filter id='grayscale'><feColorMatrix type='matrix' values='0.3333 0.3333 0.3333 0 0 0.3333 0.3333 0.3333 0 0 0.3333 0.3333 0.3333 0 0 0 0 0 1 0'\/><\/filter><\/svg>#grayscale\"); \/* Firefox 10+, Firefox on Android *\/\r\n    filter: gray; \/* IE6-9 *\/\r\n    -webkit-filter: grayscale(100%); \/* Chrome 19+, Safari 6+, Safari 6+ iOS *\/\r\n}\r\n\r\n.eg-wilbert-wrapper:hover .esg-entry-media img{\r\n    filter: url(\"data:image\/svg+xml;utf8,<svg xmlns='http:\/\/www.w3.org\/2000\/svg'><filter id='grayscale'><feColorMatrix type='matrix' values='1 0 0 0 0, 0 1 0 0 0, 0 0 1 0 0, 0 0 0 1 0'\/><\/filter><\/svg>#grayscale\");\r\n    -webkit-filter: grayscale(0%);}\r\n\r\n\/*PHILLIE*\/\r\n.eg-phillie-element-3:after { \r\ncontent:\" \";\r\nwidth: 0px;\r\nheight: 0px;\r\nborder-style: solid;\r\nborder-width: 5px 5px 0 5px;\r\nborder-color: #000 transparent transparent transparent;\r\nleft:50%;\r\nmargin-left:-5px; bottom:-5px; position:absolute; }\r\n\r\n\/*HOWARD TAFT*\/\r\n.eg-howardtaft-wrapper .esg-entry-media img, .eg-howardtaft-wrapper .esg-media-poster{\r\n    filter: url(\"data:image\/svg+xml;utf8,<svg xmlns='http:\/\/www.w3.org\/2000\/svg'><filter id='grayscale'><feColorMatrix type='matrix' values='1 0 0 0 0, 0 1 0 0 0, 0 0 1 0 0, 0 0 0 1 0'\/><\/filter><\/svg>#grayscale\");\r\n    -webkit-filter: grayscale(0%);\r\n}\r\n\r\n.eg-howardtaft-wrapper:hover .esg-entry-media img, .eg-howardtaft-wrapper:hover .esg-media-poster{\r\n    filter: url(\"data:image\/svg+xml;utf8,<svg xmlns='http:\/\/www.w3.org\/2000\/svg'><filter id='grayscale'><feColorMatrix type='matrix' values='0.3333 0.3333 0.3333 0 0 0.3333 0.3333 0.3333 0 0 0.3333 0.3333 0.3333 0 0 0 0 0 1 0'\/><\/filter><\/svg>#grayscale\"); \/* Firefox 10+, Firefox on Android *\/\r\n    filter: gray; \/* IE6-9 *\/\r\n    -webkit-filter: grayscale(100%); \/* Chrome 19+, Safari 6+, Safari 6+ iOS *\/\r\n}\r\n\r\n\/* WOOCOMMERCE *\/\r\n.myportfolio-container .added_to_cart.wc-forward { font-family: \"Open Sans\"; font-size: 13px; color: #fff; margin-top: 10px; }\r\n\r\n\/* LIGHTBOX *\/\r\n.esgbox-title.esgbox-title-outside-wrap { font-size: 15px; font-weight: 700; text-align: center; }\r\n.esgbox-title.esgbox-title-inside-wrap { padding-bottom: 10px; font-size: 15px; font-weight: 700; text-align: center; }"}