{"0":{"title":"Home","description":"Home Page Contact For","labelPlacement":"top_label","descriptionPlacement":"below","button":{"type":"text","text":"Submit","imageUrl":""},"fields":[{"type":"text","id":2,"label":"What's Your Name?","adminLabel":"","isRequired":true,"size":"medium","errorMessage":"","inputs":null,"labelPlacement":"","descriptionPlacement":"","subLabelPlacement":"","placeholder":"","multipleFiles":false,"maxFiles":"","calculationFormula":"","calculationRounding":"","enableCalculation":"","disableQuantity":false,"displayAllCategories":false,"inputMask":false,"inputMaskValue":"","allowsPrepopulate":false,"description":"","formId":1,"inputType":"","cssClass":"","inputName":"","adminOnly":false,"noDuplicates":false,"defaultValue":"","choices":"","conditionalLogic":"","maxLength":""},{"type":"page","id":1,"label":"","adminLabel":"","isRequired":false,"size":"medium","errorMessage":"","inputs":null,"displayOnly":true,"nextButton":{"type":"text","text":"Next","imageUrl":"","conditionalLogic":null},"previousButton":{"type":"text","text":"Previous","imageUrl":""},"formId":1,"description":"","allowsPrepopulate":false,"inputMask":false,"inputMaskValue":"","inputType":"","labelPlacement":"","descriptionPlacement":"","subLabelPlacement":"","placeholder":"","cssClass":"","inputName":"","adminOnly":false,"noDuplicates":false,"defaultValue":"","choices":"","conditionalLogic":"","multipleFiles":false,"maxFiles":"","calculationFormula":"","calculationRounding":"","enableCalculation":"","disableQuantity":false,"displayAllCategories":false},{"type":"text","id":3,"label":"What's Your Company Name?","adminLabel":"","isRequired":true,"size":"medium","errorMessage":"","inputs":null,"labelPlacement":"","descriptionPlacement":"","subLabelPlacement":"","placeholder":"","multipleFiles":false,"maxFiles":"","calculationFormula":"","calculationRounding":"","enableCalculation":"","disableQuantity":false,"displayAllCategories":false,"inputMask":false,"inputMaskValue":"","allowsPrepopulate":false,"defaultValue":"","description":"","formId":1,"inputType":"","cssClass":"","inputName":"","adminOnly":false,"noDuplicates":false,"choices":"","conditionalLogic":""},{"type":"page","id":4,"label":"","adminLabel":"","isRequired":false,"size":"medium","errorMessage":"","inputs":null,"displayOnly":true,"nextButton":{"type":"text","text":"Next","imageUrl":""},"previousButton":{"type":"text","text":"","imageUrl":""},"formId":1,"description":"","allowsPrepopulate":false,"inputMask":false,"inputMaskValue":"","inputType":"","labelPlacement":"","descriptionPlacement":"","subLabelPlacement":"","placeholder":"","cssClass":"","inputName":"","adminOnly":false,"noDuplicates":false,"defaultValue":"","choices":"","conditionalLogic":"","multipleFiles":false,"maxFiles":"","calculationFormula":"","calculationRounding":"","enableCalculation":"","disableQuantity":false,"displayAllCategories":false},{"type":"textarea","id":6,"label":"Tell Us Briefly About Your Project","adminLabel":"","isRequired":true,"size":"medium","errorMessage":"","inputs":null,"labelPlacement":"","descriptionPlacement":"","subLabelPlacement":"","placeholder":"","multipleFiles":false,"maxFiles":"","calculationFormula":"","calculationRounding":"","enableCalculation":"","disableQuantity":false,"displayAllCategories":false,"inputMask":false,"inputMaskValue":"","allowsPrepopulate":false,"formId":1,"description":"","inputType":"","cssClass":"","inputName":"","adminOnly":false,"noDuplicates":false,"defaultValue":"","choices":"","conditionalLogic":"","maxLength":"500"},{"type":"page","id":7,"label":"","adminLabel":"","isRequired":false,"size":"medium","errorMessage":"","inputs":null,"displayOnly":true,"nextButton":{"type":"text","text":"Next","imageUrl":""},"previousButton":{"type":"text","text":"Previous","imageUrl":""},"formId":1,"description":"","allowsPrepopulate":false,"inputMask":false,"inputMaskValue":"","inputType":"","labelPlacement":"","descriptionPlacement":"","subLabelPlacement":"","placeholder":"","cssClass":"","inputName":"","adminOnly":false,"noDuplicates":false,"defaultValue":"","choices":"","conditionalLogic":"","multipleFiles":false,"maxFiles":"","calculationFormula":"","calculationRounding":"","enableCalculation":"","disableQuantity":false,"displayAllCategories":false},{"type":"textarea","id":8,"label":"Is There Any Specific Features For Your Project? Please Tell Us","adminLabel":"","isRequired":false,"size":"medium","errorMessage":"","inputs":null,"labelPlacement":"","descriptionPlacement":"","subLabelPlacement":"","placeholder":"","multipleFiles":false,"maxFiles":"","calculationFormula":"","calculationRounding":"","enableCalculation":"","disableQuantity":false,"displayAllCategories":false,"inputMask":false,"inputMaskValue":"","allowsPrepopulate":false,"formId":1,"description":"","inputType":"","cssClass":"","inputName":"","adminOnly":false,"noDuplicates":false,"defaultValue":"","choices":"","conditionalLogic":"","maxLength":""},{"type":"page","id":5,"label":"","adminLabel":"","isRequired":false,"size":"medium","errorMessage":"","inputs":null,"displayOnly":true,"nextButton":{"type":"text","text":"Next","imageUrl":""},"previousButton":{"type":"text","text":"Previous","imageUrl":""},"formId":1,"description":"","allowsPrepopulate":false,"inputMask":false,"inputMaskValue":"","inputType":"","labelPlacement":"","descriptionPlacement":"","subLabelPlacement":"","placeholder":"","cssClass":"","inputName":"","adminOnly":false,"noDuplicates":false,"defaultValue":"","choices":"","conditionalLogic":"","multipleFiles":false,"maxFiles":"","calculationFormula":"","calculationRounding":"","enableCalculation":"","disableQuantity":false,"displayAllCategories":false},{"id":15,"label":"How long is the timeframe for this project?","adminLabel":"","type":"timeframe","isRequired":false,"size":"medium","errorMessage":"","inputs":null,"labelPlacement":"","descriptionPlacement":"","subLabelPlacement":"","placeholder":"","multipleFiles":false,"maxFiles":"","calculationFormula":"","calculationRounding":"","enableCalculation":"","disableQuantity":false,"displayAllCategories":false,"inputMask":false,"inputMaskValue":"","allowsPrepopulate":false,"formId":1,"description":"","inputType":"","cssClass":"","inputName":"","adminOnly":false,"noDuplicates":false,"defaultValue":"","choices":"","conditionalLogic":""},{"type":"page","id":9,"label":"","adminLabel":"","isRequired":false,"size":"medium","errorMessage":"","inputs":null,"displayOnly":true,"nextButton":{"type":"text","text":"Next","imageUrl":""},"previousButton":{"type":"text","text":"Previous","imageUrl":""},"formId":1,"description":"","allowsPrepopulate":false,"inputMask":false,"inputMaskValue":"","inputType":"","labelPlacement":"","descriptionPlacement":"","subLabelPlacement":"","placeholder":"","cssClass":"","inputName":"","adminOnly":false,"noDuplicates":false,"defaultValue":"","choices":"","conditionalLogic":"","multipleFiles":false,"maxFiles":"","calculationFormula":"","calculationRounding":"","enableCalculation":"","disableQuantity":false,"displayAllCategories":false},{"id":16,"label":"How much do you want to estimate your budget for this project?","adminLabel":"","type":"budget","isRequired":false,"size":"medium","errorMessage":"","inputs":null,"labelPlacement":"","descriptionPlacement":"","subLabelPlacement":"","placeholder":"","multipleFiles":false,"maxFiles":"","calculationFormula":"","calculationRounding":"","enableCalculation":"","disableQuantity":false,"displayAllCategories":false,"inputMask":false,"inputMaskValue":"","allowsPrepopulate":false,"formId":1,"description":"","inputType":"","cssClass":"","inputName":"","adminOnly":false,"noDuplicates":false,"defaultValue":"","choices":"","conditionalLogic":""},{"type":"page","id":13,"label":"","adminLabel":"","isRequired":false,"size":"medium","errorMessage":"","inputs":null,"displayOnly":true,"nextButton":{"type":"text","text":"Next","imageUrl":""},"previousButton":{"type":"text","text":"Previous","imageUrl":""},"formId":1,"description":"","allowsPrepopulate":false,"inputMask":false,"inputMaskValue":"","inputType":"","labelPlacement":"","descriptionPlacement":"","subLabelPlacement":"","placeholder":"","cssClass":"","inputName":"","adminOnly":false,"noDuplicates":false,"defaultValue":"","choices":"","conditionalLogic":"","multipleFiles":false,"maxFiles":"","calculationFormula":"","calculationRounding":"","enableCalculation":"","disableQuantity":false,"displayAllCategories":false},{"type":"email","id":14,"label":"How can we reach you? Please give us your e-mail contact here","adminLabel":"","isRequired":true,"size":"medium","errorMessage":"","inputs":null,"labelPlacement":"","descriptionPlacement":"","subLabelPlacement":"","placeholder":"","multipleFiles":false,"maxFiles":"","calculationFormula":"","calculationRounding":"","enableCalculation":"","disableQuantity":false,"displayAllCategories":false,"inputMask":false,"inputMaskValue":"","allowsPrepopulate":false,"formId":1,"description":"","inputType":"","cssClass":"","inputName":"","adminOnly":false,"noDuplicates":false,"defaultValue":"","choices":"","conditionalLogic":"","emailConfirmEnabled":false}],"version":"1.9.13","id":1,"useCurrentUserAsAuthor":true,"postContentTemplateEnabled":false,"postTitleTemplateEnabled":false,"postTitleTemplate":"","postContentTemplate":"","lastPageButton":{"type":"text","text":"Previous","imageUrl":""},"pagination":{"type":"none","pages":["","","","","","",""],"backgroundColor":null,"color":null,"display_progressbar_on_confirmation":null,"progressbar_completion_text":null},"firstPageCssClass":"","subLabelPlacement":"below","cssClass":"home-form","enableHoneypot":true,"enableAnimation":true,"save":{"enabled":false,"button":{"type":"link","text":"Save and Continue Later"}},"limitEntries":false,"limitEntriesCount":"","limitEntriesPeriod":"","limitEntriesMessage":"","scheduleForm":false,"scheduleStart":"","scheduleStartHour":"","scheduleStartMinute":"","scheduleStartAmpm":"","scheduleEnd":"","scheduleEndHour":"","scheduleEndMinute":"","scheduleEndAmpm":"","schedulePendingMessage":"","scheduleMessage":"","requireLogin":false,"requireLoginMessage":"","confirmations":[{"id":"55ec64a5a6095","name":"Default Confirmation","isDefault":true,"type":"message","message":"Your request has been submitted! We will get in touch with you in less than 24 work hours.","url":"","pageId":0,"queryString":"","disableAutoformat":false,"conditionalLogic":[]}],"notifications":[{"id":"55ec64a5a3e75","to":"{admin_email}","name":"Admin Notification","event":"form_submission","toType":"email","subject":"New submission from {form_title}","message":"{all_fields}"}]},"1":{"title":"Contact Quotation","description":"Contact Quotation","labelPlacement":"top_label","descriptionPlacement":"below","button":{"type":"text","text":"Submit","imageUrl":""},"fields":[{"type":"text","id":2,"label":"What's Your Name?","adminLabel":"","isRequired":true,"size":"medium","errorMessage":"","inputs":null,"labelPlacement":"","descriptionPlacement":"","subLabelPlacement":"","placeholder":"","multipleFiles":false,"maxFiles":"","calculationFormula":"","calculationRounding":"","enableCalculation":"","disableQuantity":false,"displayAllCategories":false,"inputMask":false,"inputMaskValue":"","allowsPrepopulate":false,"description":"","formId":2,"inputType":"","cssClass":"gf_inline","inputName":"","adminOnly":false,"noDuplicates":false,"defaultValue":"","choices":"","conditionalLogic":"","maxLength":""},{"type":"page","id":1,"label":"","adminLabel":"","isRequired":false,"size":"medium","errorMessage":"","inputs":null,"displayOnly":true,"nextButton":{"type":"text","text":"Next","imageUrl":"","conditionalLogic":null},"previousButton":{"type":"text","text":"Previous","imageUrl":""},"formId":2,"description":"","allowsPrepopulate":false,"inputMask":false,"inputMaskValue":"","inputType":"","labelPlacement":"","descriptionPlacement":"","subLabelPlacement":"","placeholder":"","cssClass":"","inputName":"","adminOnly":false,"noDuplicates":false,"defaultValue":"","choices":"","conditionalLogic":"","multipleFiles":false,"maxFiles":"","calculationFormula":"","calculationRounding":"","enableCalculation":"","disableQuantity":false,"displayAllCategories":false},{"type":"text","id":3,"label":"What's Your Company Name?","adminLabel":"","isRequired":true,"size":"medium","errorMessage":"","inputs":null,"labelPlacement":"","descriptionPlacement":"","subLabelPlacement":"","placeholder":"","multipleFiles":false,"maxFiles":"","calculationFormula":"","calculationRounding":"","enableCalculation":"","disableQuantity":false,"displayAllCategories":false,"inputMask":false,"inputMaskValue":"","allowsPrepopulate":false,"defaultValue":"","description":"","formId":2,"inputType":"","cssClass":"","inputName":"","adminOnly":false,"noDuplicates":false,"choices":"","conditionalLogic":""},{"type":"page","id":4,"label":"","adminLabel":"","isRequired":false,"size":"medium","errorMessage":"","inputs":null,"displayOnly":true,"nextButton":{"type":"text","text":"Next","imageUrl":""},"previousButton":{"type":"text","text":"","imageUrl":""},"formId":2,"description":"","allowsPrepopulate":false,"inputMask":false,"inputMaskValue":"","inputType":"","labelPlacement":"","descriptionPlacement":"","subLabelPlacement":"","placeholder":"","cssClass":"","inputName":"","adminOnly":false,"noDuplicates":false,"defaultValue":"","choices":"","conditionalLogic":"","multipleFiles":false,"maxFiles":"","calculationFormula":"","calculationRounding":"","enableCalculation":"","disableQuantity":false,"displayAllCategories":false},{"type":"textarea","id":6,"label":"Tell Us Briefly About Your Project","adminLabel":"","isRequired":true,"size":"medium","errorMessage":"","inputs":null,"labelPlacement":"","descriptionPlacement":"","subLabelPlacement":"","placeholder":"","multipleFiles":false,"maxFiles":"","calculationFormula":"","calculationRounding":"","enableCalculation":"","disableQuantity":false,"displayAllCategories":false,"inputMask":false,"inputMaskValue":"","allowsPrepopulate":false,"formId":2,"description":"","inputType":"","cssClass":"","inputName":"","adminOnly":false,"noDuplicates":false,"defaultValue":"","choices":"","conditionalLogic":"","maxLength":"500"},{"type":"page","id":7,"label":"","adminLabel":"","isRequired":false,"size":"medium","errorMessage":"","inputs":null,"displayOnly":true,"nextButton":{"type":"text","text":"Next","imageUrl":""},"previousButton":{"type":"text","text":"Previous","imageUrl":""},"formId":2,"description":"","allowsPrepopulate":false,"inputMask":false,"inputMaskValue":"","inputType":"","labelPlacement":"","descriptionPlacement":"","subLabelPlacement":"","placeholder":"","cssClass":"","inputName":"","adminOnly":false,"noDuplicates":false,"defaultValue":"","choices":"","conditionalLogic":"","multipleFiles":false,"maxFiles":"","calculationFormula":"","calculationRounding":"","enableCalculation":"","disableQuantity":false,"displayAllCategories":false},{"type":"textarea","id":8,"label":"Is There Any Specific Features For Your Project? Please Tell Us","adminLabel":"","isRequired":false,"size":"medium","errorMessage":"","inputs":null,"labelPlacement":"","descriptionPlacement":"","subLabelPlacement":"","placeholder":"","multipleFiles":false,"maxFiles":"","calculationFormula":"","calculationRounding":"","enableCalculation":"","disableQuantity":false,"displayAllCategories":false,"inputMask":false,"inputMaskValue":"","allowsPrepopulate":false,"formId":2,"description":"","inputType":"","cssClass":"","inputName":"","adminOnly":false,"noDuplicates":false,"defaultValue":"","choices":"","conditionalLogic":"","maxLength":""},{"type":"page","id":5,"label":"","adminLabel":"","isRequired":false,"size":"medium","errorMessage":"","inputs":null,"displayOnly":true,"nextButton":{"type":"text","text":"Next","imageUrl":""},"previousButton":{"type":"text","text":"Previous","imageUrl":""},"formId":2,"description":"","allowsPrepopulate":false,"inputMask":false,"inputMaskValue":"","inputType":"","labelPlacement":"","descriptionPlacement":"","subLabelPlacement":"","placeholder":"","cssClass":"","inputName":"","adminOnly":false,"noDuplicates":false,"defaultValue":"","choices":"","conditionalLogic":"","multipleFiles":false,"maxFiles":"","calculationFormula":"","calculationRounding":"","enableCalculation":"","disableQuantity":false,"displayAllCategories":false},{"id":17,"label":"How long is the timeframe for this project?","adminLabel":"","type":"timeframe","isRequired":false,"size":"medium","errorMessage":"","inputs":null,"labelPlacement":"","descriptionPlacement":"","subLabelPlacement":"","placeholder":"","multipleFiles":false,"maxFiles":"","calculationFormula":"","calculationRounding":"","enableCalculation":"","disableQuantity":false,"displayAllCategories":false,"inputMask":false,"inputMaskValue":"","allowsPrepopulate":false,"formId":2,"description":"","inputType":"","cssClass":"","inputName":"","adminOnly":false,"noDuplicates":false,"defaultValue":"","choices":"","conditionalLogic":""},{"type":"page","id":9,"label":"","adminLabel":"","isRequired":false,"size":"medium","errorMessage":"","inputs":null,"displayOnly":true,"nextButton":{"type":"text","text":"Next","imageUrl":""},"previousButton":{"type":"text","text":"Previous","imageUrl":""},"formId":2,"description":"","allowsPrepopulate":false,"inputMask":false,"inputMaskValue":"","inputType":"","labelPlacement":"","descriptionPlacement":"","subLabelPlacement":"","placeholder":"","cssClass":"","inputName":"","adminOnly":false,"noDuplicates":false,"defaultValue":"","choices":"","conditionalLogic":"","multipleFiles":false,"maxFiles":"","calculationFormula":"","calculationRounding":"","enableCalculation":"","disableQuantity":false,"displayAllCategories":false},{"id":18,"label":"How much your budget estimation for this project?","adminLabel":"","type":"budget","isRequired":false,"size":"medium","errorMessage":"","inputs":null,"labelPlacement":"","descriptionPlacement":"","subLabelPlacement":"","placeholder":"","multipleFiles":false,"maxFiles":"","calculationFormula":"","calculationRounding":"","enableCalculation":"","disableQuantity":false,"displayAllCategories":false,"inputMask":false,"inputMaskValue":"","allowsPrepopulate":false,"formId":2,"description":"","inputType":"","cssClass":"","inputName":"","adminOnly":false,"noDuplicates":false,"defaultValue":"","choices":"","conditionalLogic":""},{"type":"page","id":13,"label":"","adminLabel":"","isRequired":false,"size":"medium","errorMessage":"","inputs":null,"displayOnly":true,"nextButton":{"type":"text","text":"Next","imageUrl":""},"previousButton":{"type":"text","text":"Previous","imageUrl":""},"formId":2,"description":"","allowsPrepopulate":false,"inputMask":false,"inputMaskValue":"","inputType":"","labelPlacement":"","descriptionPlacement":"","subLabelPlacement":"","placeholder":"","cssClass":"","inputName":"","adminOnly":false,"noDuplicates":false,"defaultValue":"","choices":"","conditionalLogic":"","multipleFiles":false,"maxFiles":"","calculationFormula":"","calculationRounding":"","enableCalculation":"","disableQuantity":false,"displayAllCategories":false},{"type":"email","id":14,"label":"How can we reach you? Please give us your e-mail contact here","adminLabel":"","isRequired":true,"size":"medium","errorMessage":"","inputs":null,"labelPlacement":"","descriptionPlacement":"","subLabelPlacement":"","placeholder":"","multipleFiles":false,"maxFiles":"","calculationFormula":"","calculationRounding":"","enableCalculation":"","disableQuantity":false,"displayAllCategories":false,"inputMask":false,"inputMaskValue":"","allowsPrepopulate":false,"formId":2,"description":"","inputType":"","cssClass":"","inputName":"","adminOnly":false,"noDuplicates":false,"defaultValue":"","choices":"","conditionalLogic":"","emailConfirmEnabled":false}],"version":"1.9.13","id":2,"useCurrentUserAsAuthor":true,"postContentTemplateEnabled":false,"postTitleTemplateEnabled":false,"postTitleTemplate":"","postContentTemplate":"","lastPageButton":{"type":"text","text":"Previous","imageUrl":""},"pagination":{"type":"none","pages":["","","","","","",""],"backgroundColor":null,"color":null,"display_progressbar_on_confirmation":null,"progressbar_completion_text":null},"firstPageCssClass":"","subLabelPlacement":"below","cssClass":"contact-quotation","enableHoneypot":true,"enableAnimation":true,"save":{"enabled":false,"button":{"type":"link","text":"Save and Continue Later"}},"limitEntries":false,"limitEntriesCount":"","limitEntriesPeriod":"","limitEntriesMessage":"","scheduleForm":false,"scheduleStart":"","scheduleStartHour":"","scheduleStartMinute":"","scheduleStartAmpm":"","scheduleEnd":"","scheduleEndHour":"","scheduleEndMinute":"","scheduleEndAmpm":"","schedulePendingMessage":"","scheduleMessage":"","requireLogin":false,"requireLoginMessage":"","confirmations":[{"id":"55ec64a5a6095","name":"Default Confirmation","isDefault":true,"type":"message","message":"Your request has been submitted! We will get in touch with you in less than 24 work hours.","url":"","pageId":0,"queryString":"","disableAutoformat":false,"conditionalLogic":[]}],"notifications":[{"id":"55ec64a5a3e75","to":"{admin_email}","name":"Admin Notification","event":"form_submission","toType":"email","subject":"New submission from {form_title}","message":"{all_fields}"}]},"2":{"title":"Other Question","description":"Other Question Form","labelPlacement":"top_label","descriptionPlacement":"below","button":{"type":"text","text":"Submit","imageUrl":""},"fields":[{"type":"text","id":2,"label":"What's Your Name?","adminLabel":"","isRequired":true,"size":"medium","errorMessage":"","inputs":null,"labelPlacement":"","descriptionPlacement":"","subLabelPlacement":"","placeholder":"","multipleFiles":false,"maxFiles":"","calculationFormula":"","calculationRounding":"","enableCalculation":"","disableQuantity":false,"displayAllCategories":false,"inputMask":false,"inputMaskValue":"","allowsPrepopulate":false,"description":"","formId":3,"inputType":"","cssClass":"gf_inline","inputName":"","adminOnly":false,"noDuplicates":false,"defaultValue":"","choices":"","conditionalLogic":"","maxLength":""},{"type":"page","id":1,"label":"","adminLabel":"","isRequired":false,"size":"medium","errorMessage":"","inputs":null,"displayOnly":true,"nextButton":{"type":"text","text":"Next","imageUrl":"","conditionalLogic":null},"previousButton":{"type":"text","text":"Previous","imageUrl":""},"formId":3,"description":"","allowsPrepopulate":false,"inputMask":false,"inputMaskValue":"","inputType":"","labelPlacement":"","descriptionPlacement":"","subLabelPlacement":"","placeholder":"","cssClass":"","inputName":"","adminOnly":false,"noDuplicates":false,"defaultValue":"","choices":"","conditionalLogic":"","multipleFiles":false,"maxFiles":"","calculationFormula":"","calculationRounding":"","enableCalculation":"","disableQuantity":false,"displayAllCategories":false},{"type":"select","id":16,"label":"Inquiry Type","adminLabel":"","isRequired":true,"size":"medium","errorMessage":"","inputs":null,"choices":[{"text":"Media Inquiries","value":"Media Inquiries","isSelected":false,"price":""},{"text":"General Question","value":"General Question","isSelected":false,"price":""},{"text":"Others","value":"Others","isSelected":false,"price":""}],"labelPlacement":"","descriptionPlacement":"","subLabelPlacement":"","placeholder":"","multipleFiles":false,"maxFiles":"","calculationFormula":"","calculationRounding":"","enableCalculation":"","disableQuantity":false,"displayAllCategories":false,"inputMask":false,"inputMaskValue":"","allowsPrepopulate":false,"formId":3,"description":"","inputType":"","cssClass":"","inputName":"","adminOnly":false,"noDuplicates":false,"defaultValue":"","conditionalLogic":""},{"type":"page","id":4,"label":"","adminLabel":"","isRequired":false,"size":"medium","errorMessage":"","inputs":null,"displayOnly":true,"nextButton":{"type":"text","text":"Next","imageUrl":""},"previousButton":{"type":"text","text":"","imageUrl":""},"formId":3,"description":"","allowsPrepopulate":false,"inputMask":false,"inputMaskValue":"","inputType":"","labelPlacement":"","descriptionPlacement":"","subLabelPlacement":"","placeholder":"","cssClass":"","inputName":"","adminOnly":false,"noDuplicates":false,"defaultValue":"","choices":"","conditionalLogic":"","multipleFiles":false,"maxFiles":"","calculationFormula":"","calculationRounding":"","enableCalculation":"","disableQuantity":false,"displayAllCategories":false},{"type":"text","id":17,"label":"Subject","adminLabel":"","isRequired":true,"size":"medium","errorMessage":"","inputs":null,"labelPlacement":"","descriptionPlacement":"","subLabelPlacement":"","placeholder":"","multipleFiles":false,"maxFiles":"","calculationFormula":"","calculationRounding":"","enableCalculation":"","disableQuantity":false,"displayAllCategories":false,"inputMask":false,"inputMaskValue":"","allowsPrepopulate":false,"formId":3,"description":"","inputType":"","cssClass":"","inputName":"","adminOnly":false,"noDuplicates":false,"defaultValue":"","choices":"","conditionalLogic":""},{"type":"page","id":7,"label":"","adminLabel":"","isRequired":false,"size":"medium","errorMessage":"","inputs":null,"displayOnly":true,"nextButton":{"type":"text","text":"Next","imageUrl":""},"previousButton":{"type":"text","text":"Previous","imageUrl":""},"formId":3,"description":"","allowsPrepopulate":false,"inputMask":false,"inputMaskValue":"","inputType":"","labelPlacement":"","descriptionPlacement":"","subLabelPlacement":"","placeholder":"","cssClass":"","inputName":"","adminOnly":false,"noDuplicates":false,"defaultValue":"","choices":"","conditionalLogic":"","multipleFiles":false,"maxFiles":"","calculationFormula":"","calculationRounding":"","enableCalculation":"","disableQuantity":false,"displayAllCategories":false},{"type":"textarea","id":8,"label":"Message","adminLabel":"","isRequired":true,"size":"medium","errorMessage":"","inputs":null,"labelPlacement":"","descriptionPlacement":"","subLabelPlacement":"","placeholder":"","multipleFiles":false,"maxFiles":"","calculationFormula":"","calculationRounding":"","enableCalculation":"","disableQuantity":false,"displayAllCategories":false,"inputMask":false,"inputMaskValue":"","allowsPrepopulate":false,"formId":3,"description":"","inputType":"","cssClass":"","inputName":"","adminOnly":false,"noDuplicates":false,"defaultValue":"","choices":"","conditionalLogic":"","maxLength":""}],"version":"1.9.13","id":3,"useCurrentUserAsAuthor":true,"postContentTemplateEnabled":false,"postTitleTemplateEnabled":false,"postTitleTemplate":"","postContentTemplate":"","lastPageButton":{"type":"text","text":"Previous","imageUrl":""},"pagination":{"type":"none","pages":["","","",""],"backgroundColor":null,"color":null,"display_progressbar_on_confirmation":null,"progressbar_completion_text":null},"firstPageCssClass":"","subLabelPlacement":"below","cssClass":"other-question","enableHoneypot":true,"enableAnimation":true,"save":{"enabled":false,"button":{"type":"link","text":"Save and Continue Later"}},"limitEntries":false,"limitEntriesCount":"","limitEntriesPeriod":"","limitEntriesMessage":"","scheduleForm":false,"scheduleStart":"","scheduleStartHour":"","scheduleStartMinute":"","scheduleStartAmpm":"","scheduleEnd":"","scheduleEndHour":"","scheduleEndMinute":"","scheduleEndAmpm":"","schedulePendingMessage":"","scheduleMessage":"","requireLogin":false,"requireLoginMessage":"","confirmations":[{"id":"55ec64a5a6095","name":"Default Confirmation","isDefault":true,"type":"message","message":"Thanks for contacting us! We will get in touch with you shortly.","url":"","pageId":"","queryString":""}],"notifications":[{"id":"55ec64a5a3e75","to":"{admin_email}","name":"Admin Notification","event":"form_submission","toType":"email","subject":"New submission from {form_title}","message":"{all_fields}"}]},"version":"1.9.13"}